2025-03-29 14:11:11,212 [INFO] Activator:176 - 


2025-03-29 14:11:11,219 [INFO] Activator:177 - !SESSION log4j initialized
2025-03-29 14:11:16,949 [INFO] LogOutputStream:77 - [STDOUT_REDIRECT] 
2025-03-29 14:11:18,147 [INFO] ApplicationProperties:184 - Using Application install path: C:\ST\STM32CubeIDE_1.16.1\STM32CubeIDE\plugins\com.st.stm32cube.common.mx_6.12.1.202409122256
2025-03-29 14:11:18,168 [INFO] DbMcusXml:78 - Set database path to: C:\ST\STM32CubeIDE_1.16.1\STM32CubeIDE\plugins\com.st.stm32cube.common.mx_6.12.1.202409122256\\db\/mcu/
2025-03-29 14:11:18,169 [INFO] ApiDb:274 - Set plugin database path to: C:\ST\STM32CubeIDE_1.16.1\STM32CubeIDE\plugins\com.st.stm32cube.common.mx_6.12.1.202409122256\\db\/plugins/boardmanager/
2025-03-29 14:11:18,169 [WARN] ApiDb:259 - Overriding images path with different value:  => C:\ST\STM32CubeIDE_1.16.1\STM32CubeIDE\plugins\com.st.stm32cube.common.mx_6.12.1.202409122256\\db\/plugins/mcufinder/images/
2025-03-29 14:11:18,186 [INFO] ApiDb:250 - Set database path to: C:\Users\PCHP\.stmcufinder\plugins\mcufinder//mcu/
2025-03-29 14:11:18,187 [INFO] DbMcusAds:125 - Set database path to: C:\Users\PCHP\.stmcufinder\plugins\mcufinder//mcu/
2025-03-29 14:11:18,191 [INFO] CrossReferenceDbSqlite:203 - Set database path to: C:\Users\PCHP\.stmcufinder\plugins\mcufinder//mcu/cs/
2025-03-29 14:11:18,322 [INFO] RulesReader:64 - Compatibility file has been processed (297 Rules)
2025-03-29 14:11:18,435 [INFO] DbMcusXml:78 - Set database path to: C:\ST\STM32CubeIDE_1.16.1\STM32CubeIDE\plugins\com.st.stm32cube.common.mx_6.12.1.202409122256\\db\/mcu/
2025-03-29 14:11:18,435 [INFO] ApiDb:274 - Set plugin database path to: C:\ST\STM32CubeIDE_1.16.1\STM32CubeIDE\plugins\com.st.stm32cube.common.mx_6.12.1.202409122256\\db\/plugins/boardmanager/
2025-03-29 14:11:18,435 [INFO] ApiDb:261 - Set plugin images path to: C:\ST\STM32CubeIDE_1.16.1\STM32CubeIDE\plugins\com.st.stm32cube.common.mx_6.12.1.202409122256\\db\/plugins/mcufinder/images/
2025-03-29 14:11:18,435 [WARN] DbFile:41 - Overriding database path with different value: C:\Users\PCHP\.stmcufinder\plugins\mcufinder/ => C:\Users\PCHP\.stmcufinder\plugins\mcufinder
2025-03-29 14:11:18,435 [INFO] ApiDb:250 - Set database path to: C:\Users\PCHP\.stmcufinder\plugins\mcufinder//mcu/
2025-03-29 14:11:18,435 [WARN] DbFile:41 - Overriding database path with different value: C:\Users\PCHP\.stmcufinder\plugins\mcufinder/ => C:\Users\PCHP\.stmcufinder\plugins\mcufinder
2025-03-29 14:11:18,435 [INFO] DbMcusAds:125 - Set database path to: C:\Users\PCHP\.stmcufinder\plugins\mcufinder//mcu/
2025-03-29 14:11:18,436 [WARN] DbFile:41 - Overriding database path with different value: C:\Users\PCHP\.stmcufinder\plugins\mcufinder/ => C:\Users\PCHP\.stmcufinder\plugins\mcufinder
2025-03-29 14:11:18,436 [WARN] DbFile:41 - Overriding database path with different value: C:\Users\PCHP\.stmcufinder\plugins\mcufinder/ => C:\Users\PCHP\.stmcufinder\plugins\mcufinder
2025-03-29 14:11:18,436 [INFO] CrossReferenceDbSqlite:203 - Set database path to: C:\Users\PCHP\.stmcufinder\plugins\mcufinder//mcu/cs/
2025-03-29 14:11:18,578 [INFO] MainPanel:268 - HeapMemory: 268435456
2025-03-29 14:11:18,753 [INFO] DbMcusXml:78 - Set database path to: C:\ST\STM32CubeIDE_1.16.1\STM32CubeIDE\plugins\com.st.stm32cube.common.mx_6.12.1.202409122256\\db\/mcu/
2025-03-29 14:11:18,754 [INFO] ApiDb:274 - Set plugin database path to: C:\ST\STM32CubeIDE_1.16.1\STM32CubeIDE\plugins\com.st.stm32cube.common.mx_6.12.1.202409122256\\db\/plugins/boardmanager/
2025-03-29 14:11:18,754 [INFO] ApiDb:261 - Set plugin images path to: C:\ST\STM32CubeIDE_1.16.1\STM32CubeIDE\plugins\com.st.stm32cube.common.mx_6.12.1.202409122256\\db\/plugins/mcufinder/images/
2025-03-29 14:11:18,754 [WARN] DbFile:41 - Overriding database path with different value: C:\Users\PCHP\.stmcufinder\plugins\mcufinder/ => C:\Users\PCHP\.stmcufinder\plugins\mcufinder
2025-03-29 14:11:18,754 [INFO] ApiDb:250 - Set database path to: C:\Users\PCHP\.stmcufinder\plugins\mcufinder//mcu/
2025-03-29 14:11:18,754 [WARN] DbFile:41 - Overriding database path with different value: C:\Users\PCHP\.stmcufinder\plugins\mcufinder/ => C:\Users\PCHP\.stmcufinder\plugins\mcufinder
2025-03-29 14:11:18,754 [INFO] DbMcusAds:125 - Set database path to: C:\Users\PCHP\.stmcufinder\plugins\mcufinder//mcu/
2025-03-29 14:11:18,754 [WARN] DbFile:41 - Overriding database path with different value: C:\Users\PCHP\.stmcufinder\plugins\mcufinder/ => C:\Users\PCHP\.stmcufinder\plugins\mcufinder
2025-03-29 14:11:18,754 [WARN] DbFile:41 - Overriding database path with different value: C:\Users\PCHP\.stmcufinder\plugins\mcufinder/ => C:\Users\PCHP\.stmcufinder\plugins\mcufinder
2025-03-29 14:11:18,755 [INFO] CrossReferenceDbSqlite:203 - Set database path to: C:\Users\PCHP\.stmcufinder\plugins\mcufinder//mcu/cs/
2025-03-29 14:11:18,775 [INFO] ApplicationProperties:184 - Using Application install path: C:\ST\STM32CubeIDE_1.16.1\STM32CubeIDE\plugins\com.st.stm32cube.common.mx_6.12.1.202409122256
2025-03-29 14:11:18,777 [INFO] PluginManage:196 - Search for loadable plugins [exclusion list=, ]
2025-03-29 14:11:18,779 [INFO] PluginManage:310 - Check plugin analytics
2025-03-29 14:11:19,047 [INFO] AnalyticsPlugin:253 - Accepted Software Licenses: STM32CubeMX.6.12.1
2025-03-29 14:11:19,047 [INFO] AnalyticsPlugin:255 - Accepted CMSIS Pack Licenses: 
2025-03-29 14:11:19,047 [INFO] AnalyticsPlugin:257 - Accepted Firmware Licenses: FW.F4.1.28.0
2025-03-29 14:11:19,050 [INFO] PluginManage:359 - Loaded plugin analytics (category:tool,tabindex:-1)
2025-03-29 14:11:19,050 [INFO] PluginManage:310 - Check plugin cadmodel
2025-03-29 14:11:19,072 [INFO] CADModel:105 - Init CAD model plugin
2025-03-29 14:11:19,072 [INFO] PluginManage:359 - Loaded plugin cadmodel (category:power,tabindex:5)
2025-03-29 14:11:19,073 [INFO] PluginManage:310 - Check plugin clock
2025-03-29 14:11:19,098 [INFO] PluginManage:359 - Loaded plugin clock (category:base,tabindex:2)
2025-03-29 14:11:19,099 [INFO] PluginManage:310 - Check plugin ddr
2025-03-29 14:11:19,102 [INFO] PluginManage:359 - Loaded plugin ddr (category:tool,tabindex:6)
2025-03-29 14:11:19,102 [INFO] PluginManage:310 - Check plugin filemanager
2025-03-29 14:11:19,271 [INFO] PluginManage:359 - Loaded plugin filemanager (category:base,tabindex:10)
2025-03-29 14:11:19,271 [INFO] PluginManage:310 - Check plugin ipmanager
2025-03-29 14:11:19,282 [INFO] PluginManage:359 - Loaded plugin ipmanager (category:base,tabindex:5)
2025-03-29 14:11:19,282 [INFO] PluginManage:310 - Check plugin lpbam
2025-03-29 14:11:19,308 [INFO] PluginManage:359 - Loaded plugin lpbam (category:base,tabindex:0)
2025-03-29 14:11:19,308 [INFO] PluginManage:310 - Check plugin memorymap
2025-03-29 14:11:19,342 [INFO] PluginManage:359 - Loaded plugin memorymap (category:base,tabindex:4)
2025-03-29 14:11:19,342 [INFO] PluginManage:310 - Check plugin pinoutandconfiguration
2025-03-29 14:11:19,361 [INFO] PluginManage:359 - Loaded plugin pinoutandconfiguration (category:base,tabindex:1)
2025-03-29 14:11:19,362 [INFO] PluginManage:310 - Check plugin pinoutconfig
2025-03-29 14:11:19,476 [WARN] SupportedApi:132 - Cannot load RTOS API schema: s4s-elt-must-match.1: The content of 'definitions' must match (annotation?, (simpleType | complexType)?, (unique | key | keyref)*)). A problem was found starting at: attribute.
2025-03-29 14:11:19,647 [INFO] PluginManage:359 - Loaded plugin pinoutconfig (category:base,tabindex:0)
2025-03-29 14:11:19,647 [INFO] PluginManage:310 - Check plugin power
2025-03-29 14:11:19,671 [INFO] PluginManage:359 - Loaded plugin power (category:power,tabindex:4)
2025-03-29 14:11:19,671 [INFO] PluginManage:310 - Check plugin projectmanager
2025-03-29 14:11:19,694 [INFO] PluginManage:359 - Loaded plugin projectmanager (category:projectmanager,tabindex:4)
2025-03-29 14:11:19,694 [INFO] PluginManage:310 - Check plugin rif
2025-03-29 14:11:19,712 [INFO] PluginManage:359 - Loaded plugin rif (category:base,tabindex:3)
2025-03-29 14:11:19,713 [INFO] PluginManage:310 - Check plugin thirdparty
2025-03-29 14:11:20,066 [INFO] PluginManage:359 - Loaded plugin thirdparty (category:base,tabindex:-1)
2025-03-29 14:11:20,066 [WARN] IntegrityCheckThread:84 - waiting for thirdparty lock release [integrity check]
2025-03-29 14:11:20,066 [INFO] PluginManage:310 - Check plugin tools
2025-03-29 14:11:20,066 [INFO] IntegrityCheckThread:86 - entering critical section [integrity check]
2025-03-29 14:11:20,067 [INFO] ThirdPartyUpdaterWithRetryManager:70 - Updater plugin not ready yet. [1/15]
2025-03-29 14:11:20,070 [INFO] PluginManage:359 - Loaded plugin tools (category:base,tabindex:7)
2025-03-29 14:11:20,071 [INFO] PluginManage:310 - Check plugin tutovideos
2025-03-29 14:11:20,288 [INFO] PluginManage:359 - Loaded plugin tutovideos (category:base,tabindex:-1)
2025-03-29 14:11:20,288 [INFO] PluginManage:310 - Check plugin updater
2025-03-29 14:11:20,312 [INFO] PluginManage:359 - Loaded plugin updater (category:base,tabindex:12)
2025-03-29 14:11:20,312 [INFO] PluginManage:310 - Check plugin userauth
2025-03-29 14:11:20,319 [INFO] UserAuth:113 - Init User Auth plugin
2025-03-29 14:11:20,320 [INFO] PluginManage:359 - Loaded plugin userauth (category:base,tabindex:14)
2025-03-29 14:11:20,321 [INFO] PluginManage:283 - PluginManage : Loaded plugins [18]
2025-03-29 14:11:20,598 [INFO] PinOutPanel:1561 - setPackage(No Configuration,No Configuration)
2025-03-29 14:11:20,703 [INFO] CADModel:165 - CPN selected for project level
2025-03-29 14:11:20,703 [INFO] CADModel:114 - Register for checkConnection events
2025-03-29 14:11:20,737 [INFO] IPUIPlugin:80 - create IPUIPlugin
2025-03-29 14:11:20,737 [INFO] PluginManager:220 - loadIPPluginJar : add adc
2025-03-29 14:11:20,776 [INFO] IPUIPlugin:80 - create IPUIPlugin
2025-03-29 14:11:20,777 [INFO] PluginManager:220 - loadIPPluginJar : add aes
2025-03-29 14:11:20,826 [INFO] IPUIPlugin:80 - create IPUIPlugin
2025-03-29 14:11:20,826 [INFO] PluginManager:220 - loadIPPluginJar : add can
2025-03-29 14:11:20,830 [INFO] IPUIPlugin:80 - create IPUIPlugin
2025-03-29 14:11:20,831 [INFO] PluginManager:220 - loadIPPluginJar : add comp
2025-03-29 14:11:20,866 [INFO] IPUIPlugin:80 - create IPUIPlugin
2025-03-29 14:11:20,866 [INFO] PluginManager:220 - loadIPPluginJar : add cryp
2025-03-29 14:11:20,881 [INFO] IPUIPlugin:80 - create IPUIPlugin
2025-03-29 14:11:20,881 [INFO] PluginManager:220 - loadIPPluginJar : add ddr_ctrl_phy
2025-03-29 14:11:20,916 [INFO] IPUIPlugin:80 - create IPUIPlugin
2025-03-29 14:11:20,916 [INFO] PluginManager:220 - loadIPPluginJar : add dfsdm
2025-03-29 14:11:20,941 [INFO] IPUIPlugin:80 - create IPUIPlugin
2025-03-29 14:11:20,941 [INFO] PluginManager:220 - loadIPPluginJar : add dma
2025-03-29 14:11:20,992 [INFO] IPUIPlugin:80 - create IPUIPlugin
2025-03-29 14:11:20,992 [INFO] PluginManager:220 - loadIPPluginJar : add dma3
2025-03-29 14:11:21,038 [INFO] IPUIPlugin:80 - create IPUIPlugin
2025-03-29 14:11:21,039 [INFO] PluginManager:220 - loadIPPluginJar : add extmemmanager
2025-03-29 14:11:21,063 [INFO] IPUIPlugin:80 - create IPUIPlugin
2025-03-29 14:11:21,063 [INFO] PluginManager:220 - loadIPPluginJar : add fatfs
2025-03-29 14:11:21,113 [INFO] IPUIPlugin:80 - create IPUIPlugin
2025-03-29 14:11:21,113 [INFO] PluginManager:220 - loadIPPluginJar : add fmc
2025-03-29 14:11:21,130 [INFO] IPUIPlugin:80 - create IPUIPlugin
2025-03-29 14:11:21,131 [INFO] PluginManager:220 - loadIPPluginJar : add freertos
2025-03-29 14:11:21,154 [INFO] IPUIPlugin:80 - create IPUIPlugin
2025-03-29 14:11:21,154 [INFO] PluginManager:220 - loadIPPluginJar : add genericplugin
2025-03-29 14:11:21,256 [INFO] IPUIPlugin:80 - create IPUIPlugin
2025-03-29 14:11:21,256 [INFO] PluginManager:220 - loadIPPluginJar : add gfxmmu
2025-03-29 14:11:21,407 [INFO] IPUIPlugin:80 - create IPUIPlugin
2025-03-29 14:11:21,407 [INFO] PluginManager:220 - loadIPPluginJar : add gic
2025-03-29 14:11:21,421 [INFO] IPUIPlugin:80 - create IPUIPlugin
2025-03-29 14:11:21,421 [INFO] PluginManager:220 - loadIPPluginJar : add gpio
2025-03-29 14:11:21,523 [INFO] IPUIPlugin:80 - create IPUIPlugin
2025-03-29 14:11:21,523 [INFO] PluginManager:220 - loadIPPluginJar : add gtzc
2025-03-29 14:11:21,559 [INFO] IPUIPlugin:80 - create IPUIPlugin
2025-03-29 14:11:21,560 [INFO] PluginManager:220 - loadIPPluginJar : add hash
2025-03-29 14:11:21,620 [INFO] IPUIPlugin:80 - create IPUIPlugin
2025-03-29 14:11:21,621 [INFO] PluginManager:220 - loadIPPluginJar : add i2c
2025-03-29 14:11:21,665 [INFO] IPUIPlugin:80 - create IPUIPlugin
2025-03-29 14:11:21,665 [INFO] PluginManager:220 - loadIPPluginJar : add i2s
2025-03-29 14:11:21,709 [INFO] IPUIPlugin:80 - create IPUIPlugin
2025-03-29 14:11:21,709 [INFO] PluginManager:220 - loadIPPluginJar : add i3c
2025-03-29 14:11:21,824 [INFO] IPUIPlugin:80 - create IPUIPlugin
2025-03-29 14:11:21,824 [INFO] PluginManager:220 - loadIPPluginJar : add ipddr
2025-03-29 14:11:21,936 [INFO] IPUIPlugin:80 - create IPUIPlugin
2025-03-29 14:11:21,936 [INFO] PluginManager:220 - loadIPPluginJar : add linkedlist
2025-03-29 14:11:21,976 [INFO] IPUIPlugin:80 - create IPUIPlugin
2025-03-29 14:11:21,976 [INFO] PluginManager:220 - loadIPPluginJar : add lorawan
2025-03-29 14:11:22,019 [INFO] IPUIPlugin:80 - create IPUIPlugin
2025-03-29 14:11:22,019 [INFO] PluginManager:220 - loadIPPluginJar : add ltdc
2025-03-29 14:11:22,037 [INFO] IPUIPlugin:80 - create IPUIPlugin
2025-03-29 14:11:22,037 [INFO] PluginManager:220 - loadIPPluginJar : add mdma
2025-03-29 14:11:22,051 [INFO] IPUIPlugin:80 - create IPUIPlugin
2025-03-29 14:11:22,052 [INFO] PluginManager:220 - loadIPPluginJar : add nvic
2025-03-29 14:11:22,097 [INFO] IPUIPlugin:80 - create IPUIPlugin
2025-03-29 14:11:22,097 [INFO] PluginManager:220 - loadIPPluginJar : add opamp
2025-03-29 14:11:22,163 [INFO] IPUIPlugin:80 - create IPUIPlugin
2025-03-29 14:11:22,163 [INFO] PluginManager:220 - loadIPPluginJar : add openamp
2025-03-29 14:11:22,213 [INFO] IPUIPlugin:80 - create IPUIPlugin
2025-03-29 14:11:22,214 [INFO] PluginManager:220 - loadIPPluginJar : add pdm2pcm
2025-03-29 14:11:22,229 [INFO] IPUIPlugin:80 - create IPUIPlugin
2025-03-29 14:11:22,230 [INFO] PluginManager:220 - loadIPPluginJar : add plateformsettings
2025-03-29 14:11:22,255 [INFO] IPUIPlugin:80 - create IPUIPlugin
2025-03-29 14:11:22,255 [INFO] PluginManager:220 - loadIPPluginJar : add quadspi
2025-03-29 14:11:22,286 [INFO] IPUIPlugin:80 - create IPUIPlugin
2025-03-29 14:11:22,286 [INFO] PluginManager:220 - loadIPPluginJar : add radio
2025-03-29 14:11:22,301 [INFO] IPUIPlugin:80 - create IPUIPlugin
2025-03-29 14:11:22,301 [INFO] PluginManager:220 - loadIPPluginJar : add resmgrutility
2025-03-29 14:11:22,351 [INFO] IPUIPlugin:80 - create IPUIPlugin
2025-03-29 14:11:22,351 [INFO] PluginManager:220 - loadIPPluginJar : add sai
2025-03-29 14:11:22,391 [INFO] IPUIPlugin:80 - create IPUIPlugin
2025-03-29 14:11:22,391 [INFO] PluginManager:220 - loadIPPluginJar : add spi
2025-03-29 14:11:22,463 [INFO] IPUIPlugin:80 - create IPUIPlugin
2025-03-29 14:11:22,463 [INFO] PluginManager:220 - loadIPPluginJar : add stm32_wpan
2025-03-29 14:11:22,468 [INFO] IPUIPlugin:80 - create IPUIPlugin
2025-03-29 14:11:22,468 [INFO] PluginManager:220 - loadIPPluginJar : add tim
2025-03-29 14:11:22,536 [INFO] IPUIPlugin:80 - create IPUIPlugin
2025-03-29 14:11:22,537 [INFO] PluginManager:220 - loadIPPluginJar : add touchsensing
2025-03-29 14:11:22,562 [INFO] IPUIPlugin:80 - create IPUIPlugin
2025-03-29 14:11:22,562 [INFO] PluginManager:220 - loadIPPluginJar : add tracer_emb
2025-03-29 14:11:22,588 [INFO] IPUIPlugin:80 - create IPUIPlugin
2025-03-29 14:11:22,588 [INFO] PluginManager:220 - loadIPPluginJar : add ts
2025-03-29 14:11:22,613 [INFO] IPUIPlugin:80 - create IPUIPlugin
2025-03-29 14:11:22,613 [INFO] PluginManager:220 - loadIPPluginJar : add tsc
2025-03-29 14:11:22,639 [INFO] IPUIPlugin:80 - create IPUIPlugin
2025-03-29 14:11:22,639 [INFO] PluginManager:220 - loadIPPluginJar : add ucpd
2025-03-29 14:11:22,686 [INFO] IPUIPlugin:80 - create IPUIPlugin
2025-03-29 14:11:22,686 [INFO] PluginManager:220 - loadIPPluginJar : add usart
2025-03-29 14:11:22,731 [INFO] IPUIPlugin:80 - create IPUIPlugin
2025-03-29 14:11:22,731 [INFO] PluginManager:220 - loadIPPluginJar : add usbx
2025-03-29 14:11:22,864 [INFO] CADModel:165 - CPN selected for project level
2025-03-29 14:11:22,865 [INFO] CADModel:114 - Register for checkConnection events
2025-03-29 14:11:22,865 [FATAL] Updater:334 - Updater called before beeing initialized
2025-03-29 14:11:22,866 [ERROR] CADModel:125 - Updater not yet initialized, retry later 
2025-03-29 14:11:23,020 [INFO] CADModel:165 - CPN selected for project level
2025-03-29 14:11:23,020 [INFO] CADModel:114 - Register for checkConnection events
2025-03-29 14:11:23,020 [FATAL] Updater:334 - Updater called before beeing initialized
2025-03-29 14:11:23,020 [ERROR] CADModel:125 - Updater not yet initialized, retry later 
2025-03-29 14:11:23,023 [FATAL] Updater:334 - Updater called before beeing initialized
2025-03-29 14:11:23,069 [INFO] ThirdPartyUpdaterWithRetryManager:70 - Updater plugin not ready yet. [2/15]
2025-03-29 14:11:23,146 [FATAL] Updater:334 - Updater called before beeing initialized
2025-03-29 14:11:23,150 [INFO] DbMcusAds:53 - JSON generation date=Thu Mar 06 21:54:21 ICT 2025 (1741272861825)
2025-03-29 14:11:23,150 [FATAL] Updater:334 - Updater called before beeing initialized
2025-03-29 14:11:23,199 [WARN] DetailPanel:346 - Failed to get advertising image, set to default
2025-03-29 14:11:23,276 [FATAL] Updater:334 - Updater called before beeing initialized
2025-03-29 14:11:23,278 [FATAL] Updater:334 - Updater called before beeing initialized
2025-03-29 14:11:23,278 [FATAL] Updater:334 - Updater called before beeing initialized
2025-03-29 14:11:23,278 [WARN] DetailPanel:346 - Failed to get advertising image, set to default
2025-03-29 14:11:23,279 [FATAL] Updater:334 - Updater called before beeing initialized
2025-03-29 14:11:23,347 [ERROR] Updater:1164 - MainUpdater not yet initialized. External WinMGr cannot be set.
2025-03-29 14:11:23,358 [INFO] Updater:1100 - Updater Version found : 6.12.1
2025-03-29 14:11:23,381 [INFO] ApplicationProperties:184 - Using Application install path: C:\ST\STM32CubeIDE_1.16.1\STM32CubeIDE\plugins\com.st.stm32cube.common.mx_6.12.1.202409122256
2025-03-29 14:11:23,805 [INFO] MainUpdater:2873 - connection check result : 10
2025-03-29 14:11:23,805 [INFO] MainUpdater:3567 - Updater definition file requires update
2025-03-29 14:11:23,807 [INFO] MainUpdater:290 - Updater Check For Update Now.
2025-03-29 14:11:23,807 [INFO] MicroXplorer:498 - Change Database Version : DB.6.0.121
2025-03-29 14:11:23,839 [INFO] McuFinderGlobals:63 - Set McuFinder mode to 2 (CubeIDE integrated)
2025-03-29 14:11:23,847 [INFO] UserAuth:417 - Internet connection configuration mode: 1
2025-03-29 14:11:23,875 [INFO] JxBrowserEngine:152 - Initiate JxBrowser Engine with user profile folder
2025-03-29 14:11:23,884 [INFO] ServerAccessManage:473 - Download File updaters.zip
2025-03-29 14:11:23,982 [INFO] FileExtend:240 - Unzip File : updaters.zip
2025-03-29 14:11:23,982 [INFO] FileExtend:255 - Standard Zip Deflate
2025-03-29 14:11:24,800 [INFO] ServerAccessManage:473 - Download File PacksControlFlags.xml
2025-03-29 14:11:24,925 [INFO] ServerAccessManage:473 - Download File cubemx.pidx
2025-03-29 14:11:25,842 [INFO] ServerAccessManage:473 - Download File STMicroelectronics.X-CUBE-DPOWER.pdsc
2025-03-29 14:11:26,038 [ERROR] ServerAccessManage:1089 - Problem, file not found on Server
2025-03-29 14:11:26,069 [WARN] MainUpdater:1194 - Updater busy. Cannot search thirdparties
2025-03-29 14:11:26,069 [INFO] ThirdPartyUpdaterWithRetryManager:96 - Updater plugin is busy. [1/15]
2025-03-29 14:11:26,097 [ERROR] ServerAccessManage:1089 - Problem, file not found on Server
2025-03-29 14:11:26,981 [ERROR] ServerAccessManage:1089 - Problem, file not found on Server
2025-03-29 14:11:27,825 [ERROR] ServerAccessManage:1089 - Problem, file not found on Server
2025-03-29 14:11:28,663 [ERROR] ServerAccessManage:1089 - Problem, file not found on Server
2025-03-29 14:11:29,071 [WARN] MainUpdater:1194 - Updater busy. Cannot search thirdparties
2025-03-29 14:11:29,071 [INFO] ThirdPartyUpdaterWithRetryManager:96 - Updater plugin is busy. [2/15]
2025-03-29 14:11:29,488 [INFO] WebApp:167 - Instantiating new browser for Auth
2025-03-29 14:11:29,513 [ERROR] ServerAccessManage:1089 - Problem, file not found on Server
2025-03-29 14:11:30,406 [ERROR] ServerAccessManage:1089 - Problem, file not found on Server
2025-03-29 14:11:30,536 [INFO] WebApp:448 - Apply proxy settings
2025-03-29 14:11:30,537 [INFO] WebApp:533 - Chromium requires no authentication
2025-03-29 14:11:30,550 [INFO] WebApp:476 - Direct internet connection detected
2025-03-29 14:11:30,580 [INFO] WebApp:869 - Register for checkConnection events
2025-03-29 14:11:30,580 [INFO] WebApp:448 - Apply proxy settings
2025-03-29 14:11:30,581 [INFO] WebApp:533 - Chromium requires no authentication
2025-03-29 14:11:30,581 [INFO] WebApp:476 - Direct internet connection detected
2025-03-29 14:11:30,806 [INFO] WebApp:220 - Starting web application
2025-03-29 14:11:30,806 [INFO] WebApp:578 - Web application path used C:\ST\STM32CubeIDE_1.16.1\STM32CubeIDE\plugins\com.st.stm32cube.common.mx_6.12.1.202409122256\db\plugins\mcufinder\reactClient1\index.html
2025-03-29 14:11:30,849 [INFO] WebApp:186 - Connection restablished
2025-03-29 14:11:31,071 [INFO] UserAuth:417 - Internet connection configuration mode: 1
2025-03-29 14:11:31,258 [ERROR] ServerAccessManage:1089 - Problem, file not found on Server
2025-03-29 14:11:32,072 [WARN] MainUpdater:1194 - Updater busy. Cannot search thirdparties
2025-03-29 14:11:32,072 [INFO] ThirdPartyUpdaterWithRetryManager:96 - Updater plugin is busy. [3/15]
2025-03-29 14:11:32,110 [ERROR] ServerAccessManage:1089 - Problem, file not found on Server
2025-03-29 14:11:32,453 [ERROR] ServerAccessManage:1089 - Problem, file not found on Server
2025-03-29 14:11:32,776 [ERROR] ServerAccessManage:1089 - Problem, file not found on Server
2025-03-29 14:11:34,144 [WARN] PackLoader:240 - Cannot read IP mode file for STMicroelectronics.X-CUBE-DPower.1.3.0
2025-03-29 14:11:34,147 [INFO] PopulateThirdPartyThread:66 - Ending populate Thread
2025-03-29 14:11:34,148 [INFO] ThirdParty:1030 - CMSIS Pack Vendor :STMicroelectronics X-CUBE-DPower 1.3.0
2025-03-29 14:11:34,149 [INFO] LoadServerUpdatesThread:375 - End of LoadServerUpdate Thread
2025-03-29 14:11:34,292 [INFO] CheckServerUpdateThread:120 - End of CheckServer Thread
2025-03-29 14:11:35,323 [WARN] PackLoader:240 - Cannot read IP mode file for STMicroelectronics.FP-SNS-MOTENVWB1.1.4.0
2025-03-29 14:11:35,334 [WARN] PackLoader:240 - Cannot read IP mode file for STMicroelectronics.FP-ATR-ASTRA1.2.0.2
2025-03-29 14:11:35,357 [WARN] PackLoader:240 - Cannot read IP mode file for STMicroelectronics.FP-ATR-ASTRA1.2.0.1
2025-03-29 14:11:35,391 [WARN] PackLoader:240 - Cannot read IP mode file for STMicroelectronics.X-CUBE-SMBUS.2.1.0
2025-03-29 14:11:35,408 [WARN] PackLoader:240 - Cannot read IP mode file for STMicroelectronics.X-CUBE-WB05N.1.1.0
2025-03-29 14:11:35,455 [WARN] PackLoader:240 - Cannot read IP mode file for STMicroelectronics.X-CUBE-AZRTOS-F7.1.1.0
2025-03-29 14:11:35,537 [WARN] PackLoader:240 - Cannot read IP mode file for STMicroelectronics.X-CUBE-MEMS1.11.0.0
2025-03-29 14:11:35,701 [WARN] PackLoader:240 - Cannot read IP mode file for STMicroelectronics.FP-SNS-FLIGHT1.5.0.2
2025-03-29 14:11:35,721 [WARN] PackLoader:240 - Cannot read IP mode file for STMicroelectronics.X-CUBE-DISPLAY.3.0.0
2025-03-29 14:11:35,742 [WARN] PackLoader:240 - Cannot read IP mode file for STMicroelectronics.X-CUBE-BLE1.7.0.0
2025-03-29 14:11:35,763 [WARN] PackLoader:240 - Cannot read IP mode file for STMicroelectronics.X-CUBE-NFC10.1.0.0
2025-03-29 14:11:35,790 [WARN] PackLoader:240 - Cannot read IP mode file for STMicroelectronics.X-CUBE-BLEMGR.4.0.0
2025-03-29 14:11:35,812 [WARN] PackLoader:240 - Cannot read IP mode file for emotas.I-CUBE-CANOPEN.1.3.0
2025-03-29 14:11:35,846 [WARN] PackLoader:240 - Cannot read IP mode file for STMicroelectronics.X-CUBE-BLEMGR.3.1.0
2025-03-29 14:11:35,867 [WARN] PackLoader:240 - Cannot read IP mode file for STMicroelectronics.X-CUBE-AI.10.0.0
2025-03-29 14:11:35,887 [WARN] PackLoader:240 - Cannot read IP mode file for STMicroelectronics.FP-SNS-SMARTAG2.1.2.0
2025-03-29 14:11:35,892 [ERROR] Engine:466 - C:\Users\PCHP\.stm32cubemx\thirdparties\pdsc\STMicroelectronics.FP-SNS-FLIGHT1.5.1.0.pdsc: PDSC version is not supported
2025-03-29 14:11:35,959 [WARN] PackLoader:240 - Cannot read IP mode file for STMicroelectronics.X-CUBE-MEMS1.11.1.0
2025-03-29 14:11:36,096 [INFO] LogOutputStream:77 - [STDOUT_REDIRECT] 1 : Invalid condition id : UX_CORESTACK_Condition cause : null
2025-03-29 14:11:36,096 [INFO] LogOutputStream:77 - [STDOUT_REDIRECT] 1 : Invalid condition id : UX_CORESTACK_Condition cause : null
2025-03-29 14:11:36,098 [INFO] LogOutputStream:77 - [STDOUT_REDIRECT] 1 : Invalid condition id : UX_CORESTACK_Condition cause : null
2025-03-29 14:11:36,099 [INFO] LogOutputStream:77 - [STDOUT_REDIRECT] 1 : Invalid condition id : UX_CORESTACK_Condition cause : null
2025-03-29 14:11:36,102 [INFO] LogOutputStream:77 - [STDOUT_REDIRECT] 1 : Invalid condition id : UX_CORESTACK_Condition cause : null
2025-03-29 14:11:36,105 [WARN] PackLoader:240 - Cannot read IP mode file for STMicroelectronics.X-CUBE-AZRTOS-WL.2.0.0
2025-03-29 14:11:36,127 [WARN] PackLoader:240 - Cannot read IP mode file for STMicroelectronics.FP-SNS-MOTENV1.5.0.0
2025-03-29 14:11:36,135 [WARN] PackLoader:240 - Cannot read IP mode file for wolfSSL.I-CUBE-wolfMQTT.1.19.0
2025-03-29 14:11:36,154 [WARN] PackLoader:240 - Cannot read IP mode file for WES.I-CUBE-Cesium.1.3.0
2025-03-29 14:11:36,173 [WARN] PackLoader:240 - Cannot read IP mode file for STMicroelectronics.X-CUBE-BLE2.3.3.0
2025-03-29 14:11:36,192 [WARN] PackLoader:240 - Cannot read IP mode file for STMicroelectronics.X-CUBE-NFC9.1.0.0
2025-03-29 14:11:36,213 [WARN] PackLoader:240 - Cannot read IP mode file for STMicroelectronics.X-CUBE-BLE1.7.1.0
2025-03-29 14:11:36,231 [WARN] PackLoader:240 - Cannot read IP mode file for STMicroelectronics.X-CUBE-TCPP.4.1.0
2025-03-29 14:11:36,278 [WARN] PackLoader:240 - Cannot read IP mode file for STMicroelectronics.X-CUBE-AZRTOS-G0.1.1.0
2025-03-29 14:11:36,299 [WARN] PackLoader:240 - Cannot read IP mode file for STMicroelectronics.X-CUBE-SAFEA1.1.2.2
2025-03-29 14:11:36,318 [WARN] PackLoader:240 - Cannot read IP mode file for STMicroelectronics.X-CUBE-NFC4.3.0.0
2025-03-29 14:11:36,346 [WARN] PackLoader:240 - Cannot read IP mode file for EmbeddedOffice.I-CUBE-FS-RTOS.1.0.1
2025-03-29 14:11:36,346 [ERROR] ConditionMgr:805 - Attr not supported : Dmpu
2025-03-29 14:11:36,346 [ERROR] ConditionMgr:805 - Attr not supported : Dmpu
2025-03-29 14:11:36,346 [ERROR] ConditionMgr:805 - Attr not supported : Dmpu
2025-03-29 14:11:36,347 [ERROR] ConditionMgr:805 - Attr not supported : Dmpu
2025-03-29 14:11:36,347 [ERROR] ConditionMgr:805 - Attr not supported : Dmpu
2025-03-29 14:11:36,347 [ERROR] ConditionMgr:805 - Attr not supported : Dmpu
2025-03-29 14:11:36,347 [ERROR] ConditionMgr:805 - Attr not supported : Dmpu
2025-03-29 14:11:36,347 [ERROR] ConditionMgr:805 - Attr not supported : Dmpu
2025-03-29 14:11:36,347 [ERROR] ConditionMgr:805 - Attr not supported : Dmpu
2025-03-29 14:11:36,347 [ERROR] ConditionMgr:805 - Attr not supported : Dmpu
2025-03-29 14:11:36,347 [ERROR] ConditionMgr:805 - Attr not supported : Dmpu
2025-03-29 14:11:36,347 [ERROR] ConditionMgr:805 - Attr not supported : Dmpu
2025-03-29 14:11:36,347 [ERROR] ConditionMgr:805 - Attr not supported : Dmpu
2025-03-29 14:11:36,347 [ERROR] ConditionMgr:805 - Attr not supported : Dmpu
2025-03-29 14:11:36,347 [ERROR] ConditionMgr:805 - Attr not supported : Dmpu
2025-03-29 14:11:36,347 [ERROR] ConditionMgr:805 - Attr not supported : Dmpu
2025-03-29 14:11:36,347 [ERROR] ConditionMgr:805 - Attr not supported : Dmpu
2025-03-29 14:11:36,347 [ERROR] ConditionMgr:805 - Attr not supported : Dmpu
2025-03-29 14:11:36,347 [ERROR] ConditionMgr:805 - Attr not supported : Dmpu
2025-03-29 14:11:36,348 [ERROR] ConditionMgr:805 - Attr not supported : Dmpu
2025-03-29 14:11:36,348 [ERROR] ConditionMgr:805 - Attr not supported : Dmpu
2025-03-29 14:11:36,348 [ERROR] ConditionMgr:805 - Attr not supported : Dmpu
2025-03-29 14:11:36,348 [ERROR] ConditionMgr:805 - Attr not supported : Dmpu
2025-03-29 14:11:36,348 [ERROR] ConditionMgr:805 - Attr not supported : Dmpu
2025-03-29 14:11:36,348 [ERROR] ConditionMgr:805 - Attr not supported : Dmpu
2025-03-29 14:11:36,348 [ERROR] ConditionMgr:805 - Attr not supported : Dmpu
2025-03-29 14:11:36,348 [ERROR] ConditionMgr:805 - Attr not supported : Dmpu
2025-03-29 14:11:36,348 [ERROR] ConditionMgr:805 - Attr not supported : Dmpu
2025-03-29 14:11:36,348 [ERROR] ConditionMgr:805 - Attr not supported : Dmpu
2025-03-29 14:11:36,348 [ERROR] ConditionMgr:805 - Attr not supported : Dmpu
2025-03-29 14:11:36,348 [ERROR] ConditionMgr:805 - Attr not supported : Dmpu
2025-03-29 14:11:36,348 [ERROR] ConditionMgr:805 - Attr not supported : Dmpu
2025-03-29 14:11:36,348 [ERROR] ConditionMgr:805 - Attr not supported : Dmpu
2025-03-29 14:11:36,348 [ERROR] ConditionMgr:805 - Attr not supported : Dmpu
2025-03-29 14:11:36,348 [ERROR] ConditionMgr:805 - Attr not supported : Dmpu
2025-03-29 14:11:36,348 [ERROR] ConditionMgr:805 - Attr not supported : Dmpu
2025-03-29 14:11:36,348 [ERROR] ConditionMgr:805 - Attr not supported : Dmpu
2025-03-29 14:11:36,348 [ERROR] ConditionMgr:805 - Attr not supported : Dmpu
2025-03-29 14:11:36,348 [ERROR] ConditionMgr:805 - Attr not supported : Dmpu
2025-03-29 14:11:36,348 [ERROR] ConditionMgr:805 - Attr not supported : Dmpu
2025-03-29 14:11:36,349 [ERROR] ConditionMgr:805 - Attr not supported : Dmpu
2025-03-29 14:11:36,349 [ERROR] ConditionMgr:805 - Attr not supported : Dmpu
2025-03-29 14:11:36,349 [ERROR] ConditionMgr:805 - Attr not supported : Dmpu
2025-03-29 14:11:36,349 [ERROR] ConditionMgr:805 - Attr not supported : Dmpu
2025-03-29 14:11:36,349 [ERROR] ConditionMgr:805 - Attr not supported : Dmpu
2025-03-29 14:11:36,349 [ERROR] ConditionMgr:805 - Attr not supported : Dmpu
2025-03-29 14:11:36,349 [ERROR] ConditionMgr:805 - Attr not supported : Dmpu
2025-03-29 14:11:36,349 [ERROR] ConditionMgr:805 - Attr not supported : Dmpu
2025-03-29 14:11:36,349 [ERROR] ConditionMgr:805 - Attr not supported : Dmpu
2025-03-29 14:11:36,349 [ERROR] ConditionMgr:805 - Attr not supported : Dmpu
2025-03-29 14:11:36,349 [ERROR] ConditionMgr:805 - Attr not supported : Dmpu
2025-03-29 14:11:36,349 [ERROR] ConditionMgr:805 - Attr not supported : Dmpu
2025-03-29 14:11:36,349 [ERROR] ConditionMgr:805 - Attr not supported : Dmpu
2025-03-29 14:11:36,349 [ERROR] ConditionMgr:805 - Attr not supported : Dmpu
2025-03-29 14:11:36,349 [ERROR] ConditionMgr:805 - Attr not supported : Dmpu
2025-03-29 14:11:36,349 [ERROR] ConditionMgr:805 - Attr not supported : Dmpu
2025-03-29 14:11:36,349 [ERROR] ConditionMgr:805 - Attr not supported : Dmpu
2025-03-29 14:11:36,349 [ERROR] ConditionMgr:805 - Attr not supported : Dmpu
2025-03-29 14:11:36,349 [ERROR] ConditionMgr:805 - Attr not supported : Dmpu
2025-03-29 14:11:36,349 [ERROR] ConditionMgr:805 - Attr not supported : Dmpu
2025-03-29 14:11:36,349 [ERROR] ConditionMgr:805 - Attr not supported : Dmpu
2025-03-29 14:11:36,349 [ERROR] ConditionMgr:805 - Attr not supported : Dmpu
2025-03-29 14:11:36,350 [ERROR] ConditionMgr:805 - Attr not supported : Dmpu
2025-03-29 14:11:36,350 [ERROR] ConditionMgr:805 - Attr not supported : Dmpu
2025-03-29 14:11:36,364 [ERROR] Engine:466 - C:\Users\PCHP\.stm32cubemx\thirdparties\pdsc\STMicroelectronics.X-CUBE-TCPP.4.2.0.pdsc: PDSC version is not supported
2025-03-29 14:11:36,385 [WARN] PackLoader:240 - Cannot read IP mode file for RealThread.X-CUBE-RT-Thread_Nano.4.1.1
2025-03-29 14:11:36,392 [WARN] PackLoader:240 - Cannot read IP mode file for STMicroelectronics.FP-ATR-SIGFOX1.3.2.0
2025-03-29 14:11:36,409 [WARN] PackLoader:240 - Cannot read IP mode file for wolfSSL.I-CUBE-wolfSSL.5.7.2
2025-03-29 14:11:36,417 [WARN] ConditionMgr:438 - getConditionDescription Invalid condition id : Cortex-A Device cause : null
2025-03-29 14:11:36,445 [WARN] ConditionMgr:1039 - genDependencies : Invalid condition id : Cortex-A Device cause : null
2025-03-29 14:11:36,445 [WARN] ConditionMgr:1039 - genDependencies : Invalid condition id : Cortex-A Device cause : null
2025-03-29 14:11:36,445 [WARN] ConditionMgr:1039 - genDependencies : Invalid condition id : Cortex-A Device cause : null
2025-03-29 14:11:36,468 [WARN] PackLoader:240 - Cannot read IP mode file for STMicroelectronics.X-CUBE-EEPRMA1.5.1.0
2025-03-29 14:11:36,491 [WARN] PackLoader:240 - Cannot read IP mode file for ITTIA_DB.I-CUBE-ITTIADB.8.9.0
2025-03-29 14:11:36,536 [WARN] PackLoader:240 - Cannot read IP mode file for SEGGER.I-CUBE-embOS.1.3.1
2025-03-29 14:11:36,584 [WARN] PackLoader:240 - Cannot read IP mode file for STMicroelectronics.X-CUBE-ALGOBUILD.1.4.0
2025-03-29 14:11:36,602 [WARN] PackLoader:240 - Cannot read IP mode file for STMicroelectronics.X-CUBE-AI.9.1.0
2025-03-29 14:11:36,633 [WARN] PackLoader:240 - Cannot read IP mode file for STMicroelectronics.X-CUBE-AZRTOS-F4.1.1.0
2025-03-29 14:11:36,657 [WARN] PackLoader:240 - Cannot read IP mode file for STMicroelectronics.X-CUBE-ISPU.2.1.0
2025-03-29 14:11:36,679 [WARN] PackLoader:240 - Cannot read IP mode file for STMicroelectronics.X-CUBE-FREERTOS.1.2.0
2025-03-29 14:11:36,720 [WARN] PackLoader:240 - Cannot read IP mode file for STMicroelectronics.X-CUBE-AZRTOS-L5.2.0.0
2025-03-29 14:11:36,742 [WARN] PackLoader:240 - Cannot read IP mode file for STMicroelectronics.X-CUBE-NFC6.3.1.0
2025-03-29 14:11:36,770 [WARN] PackLoader:240 - Cannot read IP mode file for STMicroelectronics.X-CUBE-DPower.1.2.0
2025-03-29 14:11:36,790 [WARN] PackLoader:240 - Cannot read IP mode file for STMicroelectronics.X-CUBE-FREERTOS.1.3.0
2025-03-29 14:11:36,812 [WARN] PackLoader:240 - Cannot read IP mode file for STMicroelectronics.X-CUBE-NFC7.1.0.1
2025-03-29 14:11:36,819 [WARN] PackLoader:240 - Cannot read IP mode file for STMicroelectronics.X-CUBE-DPower.1.3.0
2025-03-29 14:11:36,862 [WARN] ConditionMgr:438 - getConditionDescription Invalid condition id : LAN8742 Phy interface Condition cause : null
2025-03-29 14:11:36,862 [WARN] PackLoader:240 - Cannot read IP mode file for STMicroelectronics.X-CUBE-AZRTOS-L4.2.0.0
2025-03-29 14:11:36,863 [WARN] ConditionMgr:1039 - genDependencies : Invalid condition id : LAN8742 Phy interface Condition cause : null
2025-03-29 14:11:36,863 [WARN] ConditionMgr:1039 - genDependencies : Invalid condition id : LAN8742 Phy interface Condition cause : null
2025-03-29 14:11:36,864 [WARN] ConditionMgr:1039 - genDependencies : Invalid condition id : LAN8742 Phy interface Condition cause : null
2025-03-29 14:11:36,887 [WARN] PackLoader:240 - Cannot read IP mode file for STMicroelectronics.X-CUBE-SFXS2LP1.4.0.0
2025-03-29 14:11:36,943 [WARN] PackLoader:240 - Cannot read IP mode file for STMicroelectronics.X-CUBE-AZRTOS-H7.3.3.0
2025-03-29 14:11:36,969 [WARN] PackLoader:240 - Cannot read IP mode file for STMicroelectronics.X-CUBE-IPS.3.0.0
2025-03-29 14:11:37,004 [WARN] ConditionMgr:438 - getConditionDescription Invalid condition id : UX DEVICE CLASS RTOS Condition cause : null
2025-03-29 14:11:37,004 [WARN] ConditionMgr:438 - getConditionDescription Invalid condition id : UX DEVICE CLASS RTOS Condition cause : null
2025-03-29 14:11:37,007 [WARN] PackLoader:240 - Cannot read IP mode file for STMicroelectronics.X-CUBE-AZRTOS-WB.2.0.0
2025-03-29 14:11:37,008 [WARN] ConditionMgr:1039 - genDependencies : Invalid condition id : UX DEVICE CLASS RTOS Condition cause : null
2025-03-29 14:11:37,008 [WARN] ConditionMgr:1039 - genDependencies : Invalid condition id : UX DEVICE CLASS RTOS Condition cause : null
2025-03-29 14:11:37,008 [WARN] ConditionMgr:1039 - genDependencies : Invalid condition id : UX DEVICE CLASS RTOS Condition cause : null
2025-03-29 14:11:37,008 [WARN] ConditionMgr:1039 - genDependencies : Invalid condition id : UX DEVICE CLASS RTOS Condition cause : null
2025-03-29 14:11:37,008 [WARN] ConditionMgr:1039 - genDependencies : Invalid condition id : UX DEVICE CLASS RTOS Condition cause : null
2025-03-29 14:11:37,032 [WARN] PackLoader:240 - Cannot read IP mode file for STMicroelectronics.X-CUBE-GNSS1.7.0.0
2025-03-29 14:11:37,056 [WARN] PackLoader:240 - Cannot read IP mode file for STMicroelectronics.X-CUBE-GNSS1.7.0.1
2025-03-29 14:11:37,076 [WARN] PackLoader:240 - Cannot read IP mode file for STMicroelectronics.X-CUBE-TOUCHGFX.4.25.0
2025-03-29 14:11:37,096 [WARN] PackLoader:240 - Cannot read IP mode file for STMicroelectronics.FP-SNS-STBOX1.2.0.0
2025-03-29 14:11:37,125 [WARN] PackLoader:240 - Cannot read IP mode file for STMicroelectronics.X-CUBE-SUBG2.5.0.0
2025-03-29 14:11:37,170 [WARN] PackLoader:240 - Cannot read IP mode file for STMicroelectronics.X-CUBE-AZRTOS-H7RS.1.1.0
2025-03-29 14:11:37,179 [WARN] PackLoader:240 - Cannot read IP mode file for Cesanta.I-CUBE-Mongoose.7.13.0
2025-03-29 14:11:37,220 [WARN] PackLoader:240 - Cannot read IP mode file for STMicroelectronics.X-CUBE-AZRTOS-G4.2.0.0
2025-03-29 14:11:37,238 [ERROR] Engine:466 - C:\Users\PCHP\.stm32cubemx\thirdparties\pdsc\STMicroelectronics.X-CUBE-IPS.3.1.0.pdsc: PDSC version is not supported
2025-03-29 14:11:37,253 [WARN] PackLoader:240 - Cannot read IP mode file for STMicroelectronics.X-CUBE-ALS.1.0.2
2025-03-29 14:11:37,273 [WARN] PackLoader:240 - Cannot read IP mode file for STMicroelectronics.X-CUBE-TOUCHGFX.4.24.1
2025-03-29 14:11:37,279 [WARN] PackLoader:240 - Cannot read IP mode file for wolfSSL.I-CUBE-wolfTPM.3.4.0
2025-03-29 14:11:37,302 [WARN] PackLoader:240 - Cannot read IP mode file for portGmbH.I-Cube-SoM-uGOAL.1.1.0
2025-03-29 14:11:37,338 [WARN] PackLoader:240 - Cannot read IP mode file for STMicroelectronics.X-CUBE-AZRTOS-H7RS.1.0.0
2025-03-29 14:11:37,355 [WARN] PackLoader:240 - Cannot read IP mode file for STMicroelectronics.FP-ATR-ASTRA1.2.0.0
2025-03-29 14:11:37,382 [WARN] PackLoader:240 - Cannot read IP mode file for STMicroelectronics.X-CUBE-TOF1.3.4.2
2025-03-29 14:11:37,423 [WARN] PackLoader:240 - Cannot read IP mode file for Infineon.AIROC-Wi-Fi-Bluetooth-STM32.1.6.1
2025-03-29 14:11:37,431 [WARN] PackLoader:240 - Cannot read IP mode file for wolfSSL.I-CUBE-wolfSSH.1.4.17
2025-03-29 14:11:37,432 [INFO] ThirdParty:978 - Integrity check success = true
2025-03-29 14:11:37,432 [INFO] IntegrityCheckThread:100 - exiting critical section [integrity check]
2025-03-29 14:11:37,432 [INFO] IntegrityCheckThread:103 - End integrity checks thread
2025-03-29 14:11:50,485 [INFO] McuFinderGlobals:63 - Set McuFinder mode to 2 (CubeIDE integrated)
2025-03-29 14:11:50,511 [INFO] MainUpdater:2873 - connection check result : 10
2025-03-29 14:11:50,520 [INFO] MainUpdater:2873 - connection check result : 10
2025-03-29 14:11:50,713 [INFO] RulesReader:64 - Compatibility file has been processed (297 Rules)
2025-03-29 14:11:50,727 [INFO] RulesReader:64 - Compatibility file has been processed (297 Rules)
2025-03-29 14:11:50,738 [INFO] MicroXplorer:468 - Change Database Path : 
2025-03-29 14:11:50,738 [INFO] MicroXplorer:498 - Change Database Version : DB.6.0.121
2025-03-29 14:11:50,761 [WARN] ThirdParty:871 - waiting for thirdparty lock release [close project]
2025-03-29 14:11:50,761 [INFO] ThirdParty:873 - entering critical section [close project]
2025-03-29 14:11:50,762 [INFO] ThirdParty:883 - exiting critical section [close project]
2025-03-29 14:11:50,766 [INFO] PinOutPanel:1561 - setPackage(No Configuration,No Configuration)
2025-03-29 14:11:50,773 [INFO] UtilMem:75 - Begin LoadConfig() Used Memory: 192797024 Bytes (367001600)
2025-03-29 14:11:50,775 [INFO] MicroXplorer:468 - Change Database Path : 
2025-03-29 14:11:50,775 [INFO] MicroXplorer:498 - Change Database Version : DB.6.0.121
2025-03-29 14:11:50,775 [INFO] OpenFileManager:332 - Change cursor
2025-03-29 14:11:50,844 [INFO] Mcu:2032 - Initializing MCU STM32F103C(8-B)Tx STM32F103C8Tx STM32F103C8T6
2025-03-29 14:11:51,980 [INFO] Context:742 - Trying to add GPIOservice into a context  which must be forbidden
2025-03-29 14:11:52,466 [INFO] RtosManager:555 - Registered RTOS mode: class=CMSIS, group=RTOS, mode=CMSIS_V1, owner=FREERTOS
2025-03-29 14:11:52,466 [INFO] RtosManager:555 - Registered RTOS mode: class=CMSIS, group=RTOS2, mode=CMSIS_V2, owner=FREERTOS
2025-03-29 14:11:52,466 [INFO] RtosManager:555 - Registered RTOS mode: class=RTOS, group=Core, mode=CMSIS_V1, owner=FREERTOS
2025-03-29 14:11:52,467 [INFO] RtosManager:555 - Registered RTOS mode: class=RTOS, group=Core, mode=CMSIS_V2, owner=FREERTOS
2025-03-29 14:11:52,467 [WARN] ModelIntegratedComponent:184 - Missing modes for component STMicroelectronics:FreeRTOS:0.0.1:STMicroelectronics:RTOS:FreeRTOS:Core:::10.2.0:
2025-03-29 14:11:52,481 [WARN] ModelIntegratedComponent:63 - No mode defined for component null
2025-03-29 14:11:52,481 [WARN] ModelIntegratedComponent:63 - No mode defined for component null
2025-03-29 14:11:52,481 [WARN] ModelIntegratedComponent:63 - No mode defined for component null
2025-03-29 14:11:52,481 [WARN] ModelIntegratedComponent:63 - No mode defined for component null
2025-03-29 14:11:52,481 [WARN] ModelIntegratedComponent:63 - No mode defined for component null
2025-03-29 14:11:52,481 [WARN] ModelIntegratedComponent:63 - No mode defined for component null
2025-03-29 14:11:52,481 [WARN] ModelIntegratedComponent:63 - No mode defined for component null
2025-03-29 14:11:52,481 [WARN] ModelIntegratedComponent:63 - No mode defined for component null
2025-03-29 14:11:52,481 [WARN] ModelIntegratedComponent:63 - No mode defined for component null
2025-03-29 14:11:52,481 [WARN] ModelIntegratedComponent:63 - No mode defined for component null
2025-03-29 14:11:52,481 [WARN] ModelIntegratedComponent:63 - No mode defined for component null
2025-03-29 14:11:52,481 [WARN] ModelIntegratedComponent:63 - No mode defined for component null
2025-03-29 14:11:52,481 [WARN] ModelIntegratedComponent:63 - No mode defined for component null
2025-03-29 14:11:52,481 [WARN] ModelIntegratedComponent:63 - No mode defined for component null
2025-03-29 14:11:52,481 [WARN] ModelIntegratedComponent:63 - No mode defined for component null
2025-03-29 14:11:52,481 [WARN] ModelIntegratedComponent:63 - No mode defined for component null
2025-03-29 14:11:52,481 [WARN] ModelIntegratedComponent:63 - No mode defined for component null
2025-03-29 14:11:52,481 [WARN] ModelIntegratedComponent:63 - No mode defined for component null
2025-03-29 14:11:52,481 [WARN] ModelIntegratedComponent:63 - No mode defined for component null
2025-03-29 14:11:52,482 [WARN] ModelIntegratedComponent:63 - No mode defined for component null
2025-03-29 14:11:52,482 [WARN] ModelIntegratedComponent:63 - No mode defined for component null
2025-03-29 14:11:52,482 [WARN] ModelIntegratedComponent:63 - No mode defined for component null
2025-03-29 14:11:52,482 [WARN] ModelIntegratedComponent:63 - No mode defined for component null
2025-03-29 14:11:52,482 [WARN] ModelIntegratedComponent:63 - No mode defined for component null
2025-03-29 14:11:52,482 [WARN] ModelIntegratedComponent:63 - No mode defined for component null
2025-03-29 14:11:52,482 [WARN] ModelIntegratedComponent:63 - No mode defined for component null
2025-03-29 14:11:52,482 [WARN] ModelIntegratedComponent:63 - No mode defined for component null
2025-03-29 14:11:52,482 [WARN] ModelIntegratedComponent:63 - No mode defined for component null
2025-03-29 14:11:52,482 [WARN] ModelIntegratedComponent:63 - No mode defined for component null
2025-03-29 14:11:52,482 [WARN] ModelIntegratedComponent:63 - No mode defined for component null
2025-03-29 14:11:52,482 [WARN] ModelIntegratedComponent:63 - No mode defined for component null
2025-03-29 14:11:52,482 [WARN] ModelIntegratedComponent:63 - No mode defined for component null
2025-03-29 14:11:52,482 [WARN] ModelIntegratedComponent:63 - No mode defined for component null
2025-03-29 14:11:52,482 [WARN] ModelIntegratedComponent:63 - No mode defined for component null
2025-03-29 14:11:52,482 [WARN] ModelIntegratedComponent:63 - No mode defined for component null
2025-03-29 14:11:52,482 [WARN] ModelPack:524 - Component already loaded: STMicroelectronics:HAL Drivers:0.0.0:STMicroelectronics:Device:STMicro_Driver:XSPI:HAL::0.0.1:HAL_XSPI
2025-03-29 14:11:52,591 [INFO] ThirdPartyModel:298 - Start build external matchings
2025-03-29 14:11:53,103 [INFO] ThirdPartyModel:316 - End build external matchings
2025-03-29 14:11:53,415 [INFO] ApiDb:581 - Connected to CubeFinder SQLite database (C:\Users\PCHP\.stmcufinder\plugins\mcufinder\mcu\cube-finder-db.db)
2025-03-29 14:11:53,522 [INFO] ApiDb:668 - CubeFinder database Data Model version=2.1
2025-03-29 14:11:53,522 [INFO] ApiDb:669 - CubeFinder database Configuration version=3.0.39
2025-03-29 14:11:53,522 [INFO] ApiDb:670 - CubeFinder database generation date=2025-03-24 (1742811287)
2025-03-29 14:11:53,522 [INFO] ApiDb:671 - CubeFinder database FW Pack versions=[FP-ATR-ASTRA1_V2.0.0, FP-SNS-FLIGHT1_V5.0.2, FP-SNS-MOTENV1_V5.0.0, FP-SNS-MOTENVWB1_V1.4.0, FP-SNS-SMARTAG2_V1.2.0, FP-SNS-STBOX1_V2.0.0, STM32Cube_FW_C0_V1.4.0, STM32Cube_FW_F4_V1.28.1, STM32Cube_FW_F7_V1.17.2, STM32Cube_FW_G0_V1.6.2, STM32Cube_FW_G4_V1.6.1, STM32Cube_FW_H5_V1.5.0, STM32Cube_FW_H7RS_V1.2.0, STM32Cube_FW_H7_V1.12.1, STM32Cube_FW_L0_V1.12.2, STM32Cube_FW_L4_V1.18.1, STM32Cube_FW_L5_V1.5.1, STM32Cube_FW_N6_V1.1.0, STM32Cube_FW_U0_V1.2.0, STM32Cube_FW_U3_V1.1.0, STM32Cube_FW_U5_V1.7.0, STM32Cube_FW_WB0_V1.2.0, STM32Cube_FW_WBA_V1.6.0, STM32Cube_FW_WB_V1.22.0, STM32Cube_FW_WL3_V1.1.0, STM32Cube_FW_WL_V1.3.1, X-CUBE-ALGOBUILD_V1.4.0, X-CUBE-ALS_V1.0.2, X-CUBE-AZRTOS-F4_V1.1.0, X-CUBE-AZRTOS-F7_V1.1.0, X-CUBE-AZRTOS-G0_V1.1.0, X-CUBE-AZRTOS-G4_V2.0.0, X-CUBE-AZRTOS-H7RS_V1.0.0, X-CUBE-AZRTOS-H7_V3.3.0, X-CUBE-AZRTOS-L4_V2.0.0, X-CUBE-AZRTOS-L5_V2.0.0, X-CUBE-AZRTOS-WB_V2.0.0, X-CUBE-AZRTOS-WL_V2.0.0, X-CUBE-BLE1_V7.1.0, X-CUBE-BLE2_V3.3.0, X-CUBE-BLEMGR_V4.0.0, X-CUBE-EEPRMA1_V5.1.0, X-CUBE-FREERTOS_V1.3.0, X-CUBE-GNSS1_V6.0.0, X-CUBE-MEMS1_V11.1.0, X-CUBE-NFC4_V3.0.0, X-CUBE-NFC7_V1.0.1, X-CUBE-SFXS2LP1_V4.0.0, X-CUBE-SUBG2_V5.0.0, X-CUBE-TOF1_V3.4.2]
2025-03-29 14:11:53,710 [INFO] DbBoardsSqlite:226 - include board P-NUCLEO-WB55-NUCLEO as a kit item of type 'Nucleo-64'
2025-03-29 14:11:53,711 [INFO] DbBoardsSqlite:226 - include board P-NUCLEO-WB55-USBDONGLE as a kit item of type 'Nucleo USB Dongle'
2025-03-29 14:11:53,712 [INFO] DbBoardsSqlite:226 - include board STEVAL-IDP005V1 as a kit item of type 'Evaluation Board'
2025-03-29 14:11:53,713 [INFO] DbBoardsSqlite:226 - include board STEVAL-IDP005V2 as a kit item of type 'Evaluation Board'
2025-03-29 14:11:54,273 [INFO] ApiDb:240 - Found 646 in-development CPN: [B-G473E-ZEST1S, B-WB1M-WPAN1, B-WL5M-SUBG1, NUCLEO-C031C6, NUCLEO-C071RB, NUCLEO-H503RB, NUCLEO-H533RE, NUCLEO-H563ZI, NUCLEO-H7S3L8, NUCLEO-U031R8, NUCLEO-U083RC, NUCLEO-U545RE-Q, NUCLEO-U5A5ZJ-Q, NUCLEO-WB05KZ, NUCLEO-WB07CC, NUCLEO-WB09KE, NUCLEO-WBA52CG, NUCLEO-WBA55CG, STEVAL-PROTEUS1, STEVAL-SMARTAG2, STEVAL-STWINBX1, STM320518-EVAL, STM32C0116-DK, STM32C011D6Y3TR, STM32C011D6Y6TR, STM32C011F4P3, STM32C011F4P6, STM32C011F4U3, STM32C011F4U6TR, STM32C011F6P3, STM32C011F6P6, STM32C011F6U3, STM32C011F6U6TR, STM32C011J4M3, STM32C011J4M6, STM32C011J6M3, STM32C011J6M6, STM32C0316-DK, STM32C031C4T3, STM32C031C4T6, STM32C031C4U3, STM32C031C4U6, STM32C031C6T3, STM32C031C6T6, STM32C031C6U3, STM32C031C6U6, STM32C031F4P3, STM32C031F4P6, STM32C031F6P3, STM32C031F6P6, STM32C031G4U3, STM32C031G4U6, STM32C031G6U3, STM32C031G6U6, STM32C031K4T3, STM32C031K4T6, STM32C031K4U3, STM32C031K4U6, STM32C031K6T3, STM32C031K6T6, STM32C031K6U3, STM32C031K6U6, STM32C071C8T6, STM32C071C8T6N, STM32C071C8U6, STM32C071C8U6N, STM32C071CBT6, STM32C071CBT6N, STM32C071CBU6, STM32C071CBU6N, STM32C071F8P6, STM32C071F8P6N, STM32C071FBP6, STM32C071FBP6N, STM32C071FBY6TR, STM32C071G8U6, STM32C071G8U6N, STM32C071GBU6, STM32C071GBU6N, STM32C071K8T6, STM32C071K8T6N, STM32C071K8U6, STM32C071K8U6N, STM32C071KBT6, STM32C071KBT6N, STM32C071KBU6, STM32C071KBU6N, STM32C071R8T6, STM32C071R8T6N, STM32C071RBI6N, STM32C071RBT6, STM32C071RBT6N, STM32G071K8TXN, STM32G071K8UXN, STM32G081GBU6N, STM32G081KBT6N, STM32G081KBUXN, STM32G0B1CCT6N, STM32G0B1KCT6, STM32G0B1NEY6TR, STM32G0B1RCT6N, STM32G0C1CCT6, STM32G0C1CCT6N, STM32G0C1CCU6N, STM32G0C1CET6N, STM32G0C1CEU6N, STM32G0C1KCT6, STM32G0C1NEY6TR, STM32G0C1RCI6N, STM32G0C1RCT6N, STM32G0C1REI6N, STM32G0C1RET6N, STM32G0C1VCI6, STM32G0C1VEI6, STM32G411C6T3, STM32G411C6T6, STM32G411C6U3, STM32G411C6U6, STM32G411C8T3, STM32G411C8T6, STM32G411C8U3, STM32G411C8U6, STM32G411CBT3, STM32G411CBT6, STM32G411CBU3, STM32G411CBU6, STM32G411K6T3, STM32G411K6T6, STM32G411K6U3, STM32G411K6U6, STM32G411K8T3, STM32G411K8T6, STM32G411K8U3, STM32G411K8U6, STM32G411KBT3, STM32G411KBT6, STM32G411KBU3, STM32G411KBU6, STM32G411M6T3, STM32G411M6T6, STM32G411M8T3, STM32G411M8T6, STM32G411MBT3, STM32G411MBT6, STM32G411R6T3, STM32G411R6T6, STM32G411R8T3, STM32G411R8T6, STM32G411RBT3, STM32G411RBT6, STM32G414CBT3, STM32G414CBT6, STM32G414CBU3, STM32G414CBU6, STM32G414CCT3, STM32G414CCT6, STM32G414CCU3, STM32G414CCU6, STM32G414MBT3, STM32G414MBT6, STM32G414MCT3, STM32G414MCT6, STM32G414RBT3, STM32G414RBT6, STM32G414RCT3, STM32G414RCT6, STM32G414VBT3, STM32G414VBT6, STM32G414VCT3, STM32G414VCT6, STM32G431CBT3Z, STM32G431RBT3Z, STM32G471CCT6, STM32G471CCU6, STM32G471CET3, STM32G471CET6, STM32G471CEU3, STM32G471CEU6, STM32G471MCT6, STM32G471MET3, STM32G471MET6, STM32G471MEY6TR, STM32G471QCT6, STM32G471QET3, STM32G471RCT6, STM32G471RET3, STM32G471RET6, STM32G471VCH6, STM32G471VCI6, STM32G471VCT6, STM32G471VEH3, STM32G471VEH6, STM32G471VEI3, STM32G471VEI6, STM32G471VET3, STM32G471VET6, STM32G473QET3Z, STM32G473RET3Z, STM32G474CCT6, STM32G491RET3Z, STM32H503CBT6, STM32H503CBU6, STM32H503EBY6TR, STM32H503KBU6, STM32H503RBT6, STM32H523CCT6, STM32H523CCU6, STM32H523CET6, STM32H523CEU6, STM32H523HEY6TR, STM32H523RCT6, STM32H523RET6, STM32H523VCI6, STM32H523VCT6, STM32H523VEI6, STM32H523VET6, STM32H523ZCJ6, STM32H523ZCT6, STM32H523ZEJ6, STM32H523ZET6, STM32H533CET6, STM32H533CEU6, STM32H533HEY6TR, STM32H533RET6, STM32H533VEI6, STM32H533VET6, STM32H533ZEJ6, STM32H533ZET6, STM32H562AGI6, STM32H562AII6, STM32H562IGK6, STM32H562IGT6, STM32H562IIK6, STM32H562IIT6, STM32H562RGT6, STM32H562RGV6, STM32H562RIT6, STM32H562RIV6, STM32H562VGT6, STM32H562VIT6, STM32H562ZGT6, STM32H562ZIT6, STM32H563AGI6, STM32H563AII3Q, STM32H563AII6, STM32H563IGK6, STM32H563IGT6, STM32H563IIK3Q, STM32H563IIK6, STM32H563IIT3Q, STM32H563IIT6, STM32H563MIY3QTR, STM32H563RGT6, STM32H563RGV6, STM32H563RIT6, STM32H563RIV6, STM32H563VGT6, STM32H563VIT3Q, STM32H563VIT6, STM32H563ZGT6, STM32H563ZIT3Q, STM32H563ZIT6, STM32H573AII3Q, STM32H573AII6, STM32H573I-DK, STM32H573IIK3Q, STM32H573IIK6, STM32H573IIT3Q, STM32H573IIT6, STM32H573MIY3QTR, STM32H573RIT6, STM32H573RIV6, STM32H573VIT3Q, STM32H573VIT6, STM32H573ZIT3Q, STM32H573ZIT6, STM32H7R3A8I6, STM32H7R3I8K6, STM32H7R3I8T6, STM32H7R3L8H6, STM32H7R3L8H6H, STM32H7R3R8V6, STM32H7R3V8H6, STM32H7R3V8T6, STM32H7R3V8Y6TR, STM32H7R3Z8J6, STM32H7R3Z8T6, STM32H7R7A8I6, STM32H7R7I8K6, STM32H7R7I8T6, STM32H7R7L8H6, STM32H7R7L8H6H, STM32H7R7Z8J6, STM32H7S3A8I6, STM32H7S3I8K6, STM32H7S3I8T6, STM32H7S3L8H6, STM32H7S3L8H6H, STM32H7S3R8V6, STM32H7S3V8H6, STM32H7S3V8T6, STM32H7S3V8Y6TR, STM32H7S3Z8J6, STM32H7S3Z8T6, STM32H7S78-DK, STM32H7S7A8I6, STM32H7S7I8K6, STM32H7S7I8T6, STM32H7S7L8H6, STM32H7S7L8H6H, STM32H7S7Z8J6, STM32L4R5QGI6STR, STM32MP131AAE3, STM32MP131AAF3, STM32MP131AAG3, STM32MP131CAE3, STM32MP131CAF3, STM32MP131CAG3, STM32MP131DAE7, STM32MP131DAF7, STM32MP131DAG7, STM32MP131FAE7, STM32MP131FAF7, STM32MP131FAG7, STM32MP133AAE3, STM32MP133AAF3, STM32MP133AAG3, STM32MP133CAE3, STM32MP133CAF3, STM32MP133CAG3, STM32MP133DAE7, STM32MP133DAF7, STM32MP133DAG7, STM32MP133FAE7, STM32MP133FAF7, STM32MP133FAG7, STM32MP135AAE3, STM32MP135AAF3, STM32MP135AAG3, STM32MP135CAE3, STM32MP135CAF3, STM32MP135CAG3, STM32MP135DAE7, STM32MP135DAF7, STM32MP135DAG7, STM32MP135F-DK, STM32MP135FAE7, STM32MP135FAF7, STM32MP135FAF7T, STM32MP135FAF7U, STM32MP135FAG7, STM32MP251AAI3, STM32MP251AAK3, STM32MP251AAL3, STM32MP251CAI3, STM32MP251CAK3, STM32MP251CAL3, STM32MP251DAI3, STM32MP251DAK3, STM32MP251DAL3, STM32MP251FAI3, STM32MP251FAK3, STM32MP251FAL3, STM32MP253AAI3, STM32MP253AAK3, STM32MP253AAL3, STM32MP253CAI3, STM32MP253CAK3, STM32MP253CAL3, STM32MP253DAI3, STM32MP253DAK3, STM32MP253DAL3, STM32MP253FAI3, STM32MP253FAK3, STM32MP253FAL3, STM32MP255AAI3, STM32MP255AAK3, STM32MP255AAL3, STM32MP255CAI3, STM32MP255CAK3, STM32MP255CAL3, STM32MP255DAI3, STM32MP255DAK3, STM32MP255DAL3, STM32MP255FAI3, STM32MP255FAK3, STM32MP255FAL3, STM32MP257AAI3, STM32MP257AAK3, STM32MP257AAL3, STM32MP257CAI3, STM32MP257CAK3, STM32MP257CAL3, STM32MP257DAI3, STM32MP257DAK3, STM32MP257DAL3, STM32MP257F-DK, STM32MP257F-EV1, STM32MP257FAI3, STM32MP257FAK3, STM32MP257FAL3, STM32U031C6T6, STM32U031C6U6, STM32U031C8T6, STM32U031C8U6, STM32U031F4P6, STM32U031F6P6, STM32U031F8P6, STM32U031G6Y6TR, STM32U031G8Y6TR, STM32U031K4U6, STM32U031K6U6, STM32U031K8U6, STM32U031R6I6, STM32U031R6T6, STM32U031R8I6, STM32U031R8T6, STM32U073C8T6, STM32U073C8U6, STM32U073CBT6, STM32U073CBU6, STM32U073CCT6, STM32U073CCU6, STM32U073H8Y6TR, STM32U073HBY6TR, STM32U073HCY6TR, STM32U073K8U6, STM32U073KBU6, STM32U073KCU6, STM32U073M8I6, STM32U073M8T6, STM32U073MBI6, STM32U073MBT6, STM32U073MCI6, STM32U073MCT6, STM32U073R8I6, STM32U073R8T6, STM32U073RBI6, STM32U073RBT6, STM32U073RCI6, STM32U073RCT6, STM32U083C-DK, STM32U083CCT6, STM32U083CCU6, STM32U083HCY6TR, STM32U083KCU6, STM32U083MCI6, STM32U083MCT6, STM32U083RCI6, STM32U083RCT6, STM32U535CBT6, STM32U535CBT6Q, STM32U535CBU6, STM32U535CBU6Q, STM32U535CCT6, STM32U535CCT6Q, STM32U535CCU6, STM32U535CCU6Q, STM32U535CET6, STM32U535CET6Q, STM32U535CEU6, STM32U535CEU6Q, STM32U535JEY6QTR, STM32U535NCY6QTR, STM32U535NEY6QTR, STM32U535RBI6, STM32U535RBI6Q, STM32U535RBT6, STM32U535RBT6Q, STM32U535RCI6, STM32U535RCI6Q, STM32U535RCT6, STM32U535RCT6Q, STM32U535REI6, STM32U535REI6Q, STM32U535RET6, STM32U535RET6Q, STM32U535VCI6, STM32U535VCI6Q, STM32U535VCT6, STM32U535VCT6Q, STM32U535VEI6, STM32U535VEI6Q, STM32U535VET6, STM32U535VET6Q, STM32U545CET6, STM32U545CET6Q, STM32U545CEU6, STM32U545CEU6Q, STM32U545JEY6QTR, STM32U545NEY6QTR, STM32U545REI6, STM32U545REI6Q, STM32U545RET6, STM32U545RET6Q, STM32U545VEI6, STM32U545VEI6Q, STM32U545VET6, STM32U545VET6Q, STM32U595AIH6, STM32U595AIH6Q, STM32U595AJH6, STM32U595AJH6Q, STM32U595QII6, STM32U595QII6Q, STM32U595QJI6, STM32U595QJI6Q, STM32U595RIT6, STM32U595RIT6Q, STM32U595RJT6, STM32U595RJT6Q, STM32U595VIT6, STM32U595VIT6Q, STM32U595VJT6, STM32U595VJT6Q, STM32U595ZIT6, STM32U595ZIT6Q, STM32U595ZIY6QTR, STM32U595ZJT6, STM32U595ZJT6Q, STM32U595ZJY6QTR, STM32U599BJY6QTR, STM32U599NIH6Q, STM32U599NJH6Q, STM32U599VIT6Q, STM32U599VJT6, STM32U599VJT6Q, STM32U599ZIT6Q, STM32U599ZIY6QTR, STM32U599ZJT6Q, STM32U599ZJY6QTR, STM32U5A5AJH6, STM32U5A5AJH6Q, STM32U5A5QII3Q , STM32U5A5QJI6, STM32U5A5QJI6Q, STM32U5A5RJT6, STM32U5A5RJT6Q, STM32U5A5VJT6, STM32U5A5VJT6Q, STM32U5A5ZJT6, STM32U5A5ZJT6Q, STM32U5A5ZJY6QTR, STM32U5A9BJY6QTR, STM32U5A9J-DK, STM32U5A9NJH6Q, STM32U5A9VJT6Q, STM32U5A9ZJT6Q, STM32U5A9ZJY6QTR, STM32U5F7VIT6, STM32U5F7VIT6Q, STM32U5F7VJT6, STM32U5F7VJT6Q, STM32U5F9BJY6QTR, STM32U5F9NJH6Q, STM32U5F9VIT6Q, STM32U5F9VJT6Q, STM32U5F9ZIJ6QTR, STM32U5F9ZIT6Q, STM32U5F9ZJJ6QTR, STM32U5F9ZJT6Q, STM32U5G7VJT6, STM32U5G7VJT6Q, STM32U5G9BJY6QTR, STM32U5G9J-DK1, STM32U5G9J-DK2, STM32U5G9NJH6Q, STM32U5G9VJT6Q, STM32U5G9ZJJ6QTR, STM32U5G9ZJT6Q, STM32WB05KZV6TR, STM32WB05KZV7TR, STM32WB05TZF6TR, STM32WB05TZF7TR, STM32WB06CCF6TR, STM32WB06CCF7TR, STM32WB06CCV6TR, STM32WB06CCV7TR, STM32WB06KCV6TR, STM32WB06KCV7TR, STM32WB07CCF6TR, STM32WB07CCF7TR, STM32WB07CCV6TR, STM32WB07CCV7TR, STM32WB07KCV6TR, STM32WB07KCV7TR, STM32WB09KEV6TR, STM32WB09KEV7TR, STM32WB09TEF6TR, STM32WB09TEF7TR, STM32WB1MMCH6, STM32WBA50KGU6, STM32WBA50KGU6TR, STM32WBA52CEU6, STM32WBA52CEU6TR, STM32WBA52CEU7, STM32WBA52CEU7TR, STM32WBA52CGU6, STM32WBA52CGU6TR, STM32WBA52CGU6U, STM32WBA52CGU7, STM32WBA52CGU7TR, STM32WBA52KEU6, STM32WBA52KEU6TR, STM32WBA52KGU6, STM32WBA52KGU6TR, STM32WBA54CEU6, STM32WBA54CEU6TR, STM32WBA54CEU7, STM32WBA54CEU7TR, STM32WBA54CGU6, STM32WBA54CGU6TR, STM32WBA54CGU7, STM32WBA54CGU7TR, STM32WBA54KEU6, STM32WBA54KEU6TR, STM32WBA54KEU7, STM32WBA54KEU7TR, STM32WBA54KGU6, STM32WBA54KGU6TR, STM32WBA54KGU7, STM32WBA54KGU7TR, STM32WBA55CEU6, STM32WBA55CEU6TR, STM32WBA55CEU7, STM32WBA55CEU7TR, STM32WBA55CGU6, STM32WBA55CGU6TR, STM32WBA55CGU6U, STM32WBA55CGU7, STM32WBA55CGU7TR, STM32WBA55G-DK1, STM32WBA55HEF6, STM32WBA55HEF7, STM32WBA55HGF6, STM32WBA55HGF7, STM32WBA55UEI6, STM32WBA55UEI6TR, STM32WBA55UEI7, STM32WBA55UEI7TR, STM32WBA55UGI6, STM32WBA55UGI6TR, STM32WBA55UGI7, STM32WBA55UGI7TR, STM32WL5MOCH6, STM32WL5MOCH6TR]
2025-03-29 14:11:54,277 [INFO] ApiDb:668 - CubeFinder database Data Model version=2.1
2025-03-29 14:11:54,277 [INFO] ApiDb:669 - CubeFinder database Configuration version=3.0.39
2025-03-29 14:11:54,277 [INFO] ApiDb:670 - CubeFinder database generation date=2025-03-24 (1742811287)
2025-03-29 14:11:54,277 [INFO] ApiDb:671 - CubeFinder database FW Pack versions=[FP-ATR-ASTRA1_V2.0.0, FP-SNS-FLIGHT1_V5.0.2, FP-SNS-MOTENV1_V5.0.0, FP-SNS-MOTENVWB1_V1.4.0, FP-SNS-SMARTAG2_V1.2.0, FP-SNS-STBOX1_V2.0.0, STM32Cube_FW_C0_V1.4.0, STM32Cube_FW_F4_V1.28.1, STM32Cube_FW_F7_V1.17.2, STM32Cube_FW_G0_V1.6.2, STM32Cube_FW_G4_V1.6.1, STM32Cube_FW_H5_V1.5.0, STM32Cube_FW_H7RS_V1.2.0, STM32Cube_FW_H7_V1.12.1, STM32Cube_FW_L0_V1.12.2, STM32Cube_FW_L4_V1.18.1, STM32Cube_FW_L5_V1.5.1, STM32Cube_FW_N6_V1.1.0, STM32Cube_FW_U0_V1.2.0, STM32Cube_FW_U3_V1.1.0, STM32Cube_FW_U5_V1.7.0, STM32Cube_FW_WB0_V1.2.0, STM32Cube_FW_WBA_V1.6.0, STM32Cube_FW_WB_V1.22.0, STM32Cube_FW_WL3_V1.1.0, STM32Cube_FW_WL_V1.3.1, X-CUBE-ALGOBUILD_V1.4.0, X-CUBE-ALS_V1.0.2, X-CUBE-AZRTOS-F4_V1.1.0, X-CUBE-AZRTOS-F7_V1.1.0, X-CUBE-AZRTOS-G0_V1.1.0, X-CUBE-AZRTOS-G4_V2.0.0, X-CUBE-AZRTOS-H7RS_V1.0.0, X-CUBE-AZRTOS-H7_V3.3.0, X-CUBE-AZRTOS-L4_V2.0.0, X-CUBE-AZRTOS-L5_V2.0.0, X-CUBE-AZRTOS-WB_V2.0.0, X-CUBE-AZRTOS-WL_V2.0.0, X-CUBE-BLE1_V7.1.0, X-CUBE-BLE2_V3.3.0, X-CUBE-BLEMGR_V4.0.0, X-CUBE-EEPRMA1_V5.1.0, X-CUBE-FREERTOS_V1.3.0, X-CUBE-GNSS1_V6.0.0, X-CUBE-MEMS1_V11.1.0, X-CUBE-NFC4_V3.0.0, X-CUBE-NFC7_V1.0.1, X-CUBE-SFXS2LP1_V4.0.0, X-CUBE-SUBG2_V5.0.0, X-CUBE-TOF1_V3.4.2]
2025-03-29 14:11:56,298 [INFO] ApiDb:240 - Found 646 in-development CPN: [B-G473E-ZEST1S, B-WB1M-WPAN1, B-WL5M-SUBG1, NUCLEO-C031C6, NUCLEO-C071RB, NUCLEO-H503RB, NUCLEO-H533RE, NUCLEO-H563ZI, NUCLEO-H7S3L8, NUCLEO-U031R8, NUCLEO-U083RC, NUCLEO-U545RE-Q, NUCLEO-U5A5ZJ-Q, NUCLEO-WB05KZ, NUCLEO-WB07CC, NUCLEO-WB09KE, NUCLEO-WBA52CG, NUCLEO-WBA55CG, STEVAL-PROTEUS1, STEVAL-SMARTAG2, STEVAL-STWINBX1, STM320518-EVAL, STM32C0116-DK, STM32C011D6Y3TR, STM32C011D6Y6TR, STM32C011F4P3, STM32C011F4P6, STM32C011F4U3, STM32C011F4U6TR, STM32C011F6P3, STM32C011F6P6, STM32C011F6U3, STM32C011F6U6TR, STM32C011J4M3, STM32C011J4M6, STM32C011J6M3, STM32C011J6M6, STM32C0316-DK, STM32C031C4T3, STM32C031C4T6, STM32C031C4U3, STM32C031C4U6, STM32C031C6T3, STM32C031C6T6, STM32C031C6U3, STM32C031C6U6, STM32C031F4P3, STM32C031F4P6, STM32C031F6P3, STM32C031F6P6, STM32C031G4U3, STM32C031G4U6, STM32C031G6U3, STM32C031G6U6, STM32C031K4T3, STM32C031K4T6, STM32C031K4U3, STM32C031K4U6, STM32C031K6T3, STM32C031K6T6, STM32C031K6U3, STM32C031K6U6, STM32C071C8T6, STM32C071C8T6N, STM32C071C8U6, STM32C071C8U6N, STM32C071CBT6, STM32C071CBT6N, STM32C071CBU6, STM32C071CBU6N, STM32C071F8P6, STM32C071F8P6N, STM32C071FBP6, STM32C071FBP6N, STM32C071FBY6TR, STM32C071G8U6, STM32C071G8U6N, STM32C071GBU6, STM32C071GBU6N, STM32C071K8T6, STM32C071K8T6N, STM32C071K8U6, STM32C071K8U6N, STM32C071KBT6, STM32C071KBT6N, STM32C071KBU6, STM32C071KBU6N, STM32C071R8T6, STM32C071R8T6N, STM32C071RBI6N, STM32C071RBT6, STM32C071RBT6N, STM32G071K8TXN, STM32G071K8UXN, STM32G081GBU6N, STM32G081KBT6N, STM32G081KBUXN, STM32G0B1CCT6N, STM32G0B1KCT6, STM32G0B1NEY6TR, STM32G0B1RCT6N, STM32G0C1CCT6, STM32G0C1CCT6N, STM32G0C1CCU6N, STM32G0C1CET6N, STM32G0C1CEU6N, STM32G0C1KCT6, STM32G0C1NEY6TR, STM32G0C1RCI6N, STM32G0C1RCT6N, STM32G0C1REI6N, STM32G0C1RET6N, STM32G0C1VCI6, STM32G0C1VEI6, STM32G411C6T3, STM32G411C6T6, STM32G411C6U3, STM32G411C6U6, STM32G411C8T3, STM32G411C8T6, STM32G411C8U3, STM32G411C8U6, STM32G411CBT3, STM32G411CBT6, STM32G411CBU3, STM32G411CBU6, STM32G411K6T3, STM32G411K6T6, STM32G411K6U3, STM32G411K6U6, STM32G411K8T3, STM32G411K8T6, STM32G411K8U3, STM32G411K8U6, STM32G411KBT3, STM32G411KBT6, STM32G411KBU3, STM32G411KBU6, STM32G411M6T3, STM32G411M6T6, STM32G411M8T3, STM32G411M8T6, STM32G411MBT3, STM32G411MBT6, STM32G411R6T3, STM32G411R6T6, STM32G411R8T3, STM32G411R8T6, STM32G411RBT3, STM32G411RBT6, STM32G414CBT3, STM32G414CBT6, STM32G414CBU3, STM32G414CBU6, STM32G414CCT3, STM32G414CCT6, STM32G414CCU3, STM32G414CCU6, STM32G414MBT3, STM32G414MBT6, STM32G414MCT3, STM32G414MCT6, STM32G414RBT3, STM32G414RBT6, STM32G414RCT3, STM32G414RCT6, STM32G414VBT3, STM32G414VBT6, STM32G414VCT3, STM32G414VCT6, STM32G431CBT3Z, STM32G431RBT3Z, STM32G471CCT6, STM32G471CCU6, STM32G471CET3, STM32G471CET6, STM32G471CEU3, STM32G471CEU6, STM32G471MCT6, STM32G471MET3, STM32G471MET6, STM32G471MEY6TR, STM32G471QCT6, STM32G471QET3, STM32G471RCT6, STM32G471RET3, STM32G471RET6, STM32G471VCH6, STM32G471VCI6, STM32G471VCT6, STM32G471VEH3, STM32G471VEH6, STM32G471VEI3, STM32G471VEI6, STM32G471VET3, STM32G471VET6, STM32G473QET3Z, STM32G473RET3Z, STM32G474CCT6, STM32G491RET3Z, STM32H503CBT6, STM32H503CBU6, STM32H503EBY6TR, STM32H503KBU6, STM32H503RBT6, STM32H523CCT6, STM32H523CCU6, STM32H523CET6, STM32H523CEU6, STM32H523HEY6TR, STM32H523RCT6, STM32H523RET6, STM32H523VCI6, STM32H523VCT6, STM32H523VEI6, STM32H523VET6, STM32H523ZCJ6, STM32H523ZCT6, STM32H523ZEJ6, STM32H523ZET6, STM32H533CET6, STM32H533CEU6, STM32H533HEY6TR, STM32H533RET6, STM32H533VEI6, STM32H533VET6, STM32H533ZEJ6, STM32H533ZET6, STM32H562AGI6, STM32H562AII6, STM32H562IGK6, STM32H562IGT6, STM32H562IIK6, STM32H562IIT6, STM32H562RGT6, STM32H562RGV6, STM32H562RIT6, STM32H562RIV6, STM32H562VGT6, STM32H562VIT6, STM32H562ZGT6, STM32H562ZIT6, STM32H563AGI6, STM32H563AII3Q, STM32H563AII6, STM32H563IGK6, STM32H563IGT6, STM32H563IIK3Q, STM32H563IIK6, STM32H563IIT3Q, STM32H563IIT6, STM32H563MIY3QTR, STM32H563RGT6, STM32H563RGV6, STM32H563RIT6, STM32H563RIV6, STM32H563VGT6, STM32H563VIT3Q, STM32H563VIT6, STM32H563ZGT6, STM32H563ZIT3Q, STM32H563ZIT6, STM32H573AII3Q, STM32H573AII6, STM32H573I-DK, STM32H573IIK3Q, STM32H573IIK6, STM32H573IIT3Q, STM32H573IIT6, STM32H573MIY3QTR, STM32H573RIT6, STM32H573RIV6, STM32H573VIT3Q, STM32H573VIT6, STM32H573ZIT3Q, STM32H573ZIT6, STM32H7R3A8I6, STM32H7R3I8K6, STM32H7R3I8T6, STM32H7R3L8H6, STM32H7R3L8H6H, STM32H7R3R8V6, STM32H7R3V8H6, STM32H7R3V8T6, STM32H7R3V8Y6TR, STM32H7R3Z8J6, STM32H7R3Z8T6, STM32H7R7A8I6, STM32H7R7I8K6, STM32H7R7I8T6, STM32H7R7L8H6, STM32H7R7L8H6H, STM32H7R7Z8J6, STM32H7S3A8I6, STM32H7S3I8K6, STM32H7S3I8T6, STM32H7S3L8H6, STM32H7S3L8H6H, STM32H7S3R8V6, STM32H7S3V8H6, STM32H7S3V8T6, STM32H7S3V8Y6TR, STM32H7S3Z8J6, STM32H7S3Z8T6, STM32H7S78-DK, STM32H7S7A8I6, STM32H7S7I8K6, STM32H7S7I8T6, STM32H7S7L8H6, STM32H7S7L8H6H, STM32H7S7Z8J6, STM32L4R5QGI6STR, STM32MP131AAE3, STM32MP131AAF3, STM32MP131AAG3, STM32MP131CAE3, STM32MP131CAF3, STM32MP131CAG3, STM32MP131DAE7, STM32MP131DAF7, STM32MP131DAG7, STM32MP131FAE7, STM32MP131FAF7, STM32MP131FAG7, STM32MP133AAE3, STM32MP133AAF3, STM32MP133AAG3, STM32MP133CAE3, STM32MP133CAF3, STM32MP133CAG3, STM32MP133DAE7, STM32MP133DAF7, STM32MP133DAG7, STM32MP133FAE7, STM32MP133FAF7, STM32MP133FAG7, STM32MP135AAE3, STM32MP135AAF3, STM32MP135AAG3, STM32MP135CAE3, STM32MP135CAF3, STM32MP135CAG3, STM32MP135DAE7, STM32MP135DAF7, STM32MP135DAG7, STM32MP135F-DK, STM32MP135FAE7, STM32MP135FAF7, STM32MP135FAF7T, STM32MP135FAF7U, STM32MP135FAG7, STM32MP251AAI3, STM32MP251AAK3, STM32MP251AAL3, STM32MP251CAI3, STM32MP251CAK3, STM32MP251CAL3, STM32MP251DAI3, STM32MP251DAK3, STM32MP251DAL3, STM32MP251FAI3, STM32MP251FAK3, STM32MP251FAL3, STM32MP253AAI3, STM32MP253AAK3, STM32MP253AAL3, STM32MP253CAI3, STM32MP253CAK3, STM32MP253CAL3, STM32MP253DAI3, STM32MP253DAK3, STM32MP253DAL3, STM32MP253FAI3, STM32MP253FAK3, STM32MP253FAL3, STM32MP255AAI3, STM32MP255AAK3, STM32MP255AAL3, STM32MP255CAI3, STM32MP255CAK3, STM32MP255CAL3, STM32MP255DAI3, STM32MP255DAK3, STM32MP255DAL3, STM32MP255FAI3, STM32MP255FAK3, STM32MP255FAL3, STM32MP257AAI3, STM32MP257AAK3, STM32MP257AAL3, STM32MP257CAI3, STM32MP257CAK3, STM32MP257CAL3, STM32MP257DAI3, STM32MP257DAK3, STM32MP257DAL3, STM32MP257F-DK, STM32MP257F-EV1, STM32MP257FAI3, STM32MP257FAK3, STM32MP257FAL3, STM32U031C6T6, STM32U031C6U6, STM32U031C8T6, STM32U031C8U6, STM32U031F4P6, STM32U031F6P6, STM32U031F8P6, STM32U031G6Y6TR, STM32U031G8Y6TR, STM32U031K4U6, STM32U031K6U6, STM32U031K8U6, STM32U031R6I6, STM32U031R6T6, STM32U031R8I6, STM32U031R8T6, STM32U073C8T6, STM32U073C8U6, STM32U073CBT6, STM32U073CBU6, STM32U073CCT6, STM32U073CCU6, STM32U073H8Y6TR, STM32U073HBY6TR, STM32U073HCY6TR, STM32U073K8U6, STM32U073KBU6, STM32U073KCU6, STM32U073M8I6, STM32U073M8T6, STM32U073MBI6, STM32U073MBT6, STM32U073MCI6, STM32U073MCT6, STM32U073R8I6, STM32U073R8T6, STM32U073RBI6, STM32U073RBT6, STM32U073RCI6, STM32U073RCT6, STM32U083C-DK, STM32U083CCT6, STM32U083CCU6, STM32U083HCY6TR, STM32U083KCU6, STM32U083MCI6, STM32U083MCT6, STM32U083RCI6, STM32U083RCT6, STM32U535CBT6, STM32U535CBT6Q, STM32U535CBU6, STM32U535CBU6Q, STM32U535CCT6, STM32U535CCT6Q, STM32U535CCU6, STM32U535CCU6Q, STM32U535CET6, STM32U535CET6Q, STM32U535CEU6, STM32U535CEU6Q, STM32U535JEY6QTR, STM32U535NCY6QTR, STM32U535NEY6QTR, STM32U535RBI6, STM32U535RBI6Q, STM32U535RBT6, STM32U535RBT6Q, STM32U535RCI6, STM32U535RCI6Q, STM32U535RCT6, STM32U535RCT6Q, STM32U535REI6, STM32U535REI6Q, STM32U535RET6, STM32U535RET6Q, STM32U535VCI6, STM32U535VCI6Q, STM32U535VCT6, STM32U535VCT6Q, STM32U535VEI6, STM32U535VEI6Q, STM32U535VET6, STM32U535VET6Q, STM32U545CET6, STM32U545CET6Q, STM32U545CEU6, STM32U545CEU6Q, STM32U545JEY6QTR, STM32U545NEY6QTR, STM32U545REI6, STM32U545REI6Q, STM32U545RET6, STM32U545RET6Q, STM32U545VEI6, STM32U545VEI6Q, STM32U545VET6, STM32U545VET6Q, STM32U595AIH6, STM32U595AIH6Q, STM32U595AJH6, STM32U595AJH6Q, STM32U595QII6, STM32U595QII6Q, STM32U595QJI6, STM32U595QJI6Q, STM32U595RIT6, STM32U595RIT6Q, STM32U595RJT6, STM32U595RJT6Q, STM32U595VIT6, STM32U595VIT6Q, STM32U595VJT6, STM32U595VJT6Q, STM32U595ZIT6, STM32U595ZIT6Q, STM32U595ZIY6QTR, STM32U595ZJT6, STM32U595ZJT6Q, STM32U595ZJY6QTR, STM32U599BJY6QTR, STM32U599NIH6Q, STM32U599NJH6Q, STM32U599VIT6Q, STM32U599VJT6, STM32U599VJT6Q, STM32U599ZIT6Q, STM32U599ZIY6QTR, STM32U599ZJT6Q, STM32U599ZJY6QTR, STM32U5A5AJH6, STM32U5A5AJH6Q, STM32U5A5QII3Q , STM32U5A5QJI6, STM32U5A5QJI6Q, STM32U5A5RJT6, STM32U5A5RJT6Q, STM32U5A5VJT6, STM32U5A5VJT6Q, STM32U5A5ZJT6, STM32U5A5ZJT6Q, STM32U5A5ZJY6QTR, STM32U5A9BJY6QTR, STM32U5A9J-DK, STM32U5A9NJH6Q, STM32U5A9VJT6Q, STM32U5A9ZJT6Q, STM32U5A9ZJY6QTR, STM32U5F7VIT6, STM32U5F7VIT6Q, STM32U5F7VJT6, STM32U5F7VJT6Q, STM32U5F9BJY6QTR, STM32U5F9NJH6Q, STM32U5F9VIT6Q, STM32U5F9VJT6Q, STM32U5F9ZIJ6QTR, STM32U5F9ZIT6Q, STM32U5F9ZJJ6QTR, STM32U5F9ZJT6Q, STM32U5G7VJT6, STM32U5G7VJT6Q, STM32U5G9BJY6QTR, STM32U5G9J-DK1, STM32U5G9J-DK2, STM32U5G9NJH6Q, STM32U5G9VJT6Q, STM32U5G9ZJJ6QTR, STM32U5G9ZJT6Q, STM32WB05KZV6TR, STM32WB05KZV7TR, STM32WB05TZF6TR, STM32WB05TZF7TR, STM32WB06CCF6TR, STM32WB06CCF7TR, STM32WB06CCV6TR, STM32WB06CCV7TR, STM32WB06KCV6TR, STM32WB06KCV7TR, STM32WB07CCF6TR, STM32WB07CCF7TR, STM32WB07CCV6TR, STM32WB07CCV7TR, STM32WB07KCV6TR, STM32WB07KCV7TR, STM32WB09KEV6TR, STM32WB09KEV7TR, STM32WB09TEF6TR, STM32WB09TEF7TR, STM32WB1MMCH6, STM32WBA50KGU6, STM32WBA50KGU6TR, STM32WBA52CEU6, STM32WBA52CEU6TR, STM32WBA52CEU7, STM32WBA52CEU7TR, STM32WBA52CGU6, STM32WBA52CGU6TR, STM32WBA52CGU6U, STM32WBA52CGU7, STM32WBA52CGU7TR, STM32WBA52KEU6, STM32WBA52KEU6TR, STM32WBA52KGU6, STM32WBA52KGU6TR, STM32WBA54CEU6, STM32WBA54CEU6TR, STM32WBA54CEU7, STM32WBA54CEU7TR, STM32WBA54CGU6, STM32WBA54CGU6TR, STM32WBA54CGU7, STM32WBA54CGU7TR, STM32WBA54KEU6, STM32WBA54KEU6TR, STM32WBA54KEU7, STM32WBA54KEU7TR, STM32WBA54KGU6, STM32WBA54KGU6TR, STM32WBA54KGU7, STM32WBA54KGU7TR, STM32WBA55CEU6, STM32WBA55CEU6TR, STM32WBA55CEU7, STM32WBA55CEU7TR, STM32WBA55CGU6, STM32WBA55CGU6TR, STM32WBA55CGU6U, STM32WBA55CGU7, STM32WBA55CGU7TR, STM32WBA55G-DK1, STM32WBA55HEF6, STM32WBA55HEF7, STM32WBA55HGF6, STM32WBA55HGF7, STM32WBA55UEI6, STM32WBA55UEI6TR, STM32WBA55UEI7, STM32WBA55UEI7TR, STM32WBA55UGI6, STM32WBA55UGI6TR, STM32WBA55UGI7, STM32WBA55UGI7TR, STM32WL5MOCH6, STM32WL5MOCH6TR]
2025-03-29 14:11:56,305 [INFO] DbMcus:218 - Found 4657 MCUs, 4657 are supported
2025-03-29 14:11:56,306 [INFO] ApiDb:423 - Load user favorites file C:\Users\PCHP/.stm32cubeide/favorites.mcus.txt: 0 item(s)
2025-03-29 14:11:56,306 [INFO] ApiDb:427 - User favorites MCUs=[]
2025-03-29 14:11:56,306 [INFO] DbMcus:224 - Set 0 / 0 favorites MCUs
2025-03-29 14:11:56,649 [INFO] BoardInfo:889 - No configuration file found for board NUCLEO-C051C8
2025-03-29 14:11:56,650 [INFO] DbBoards:161 - Board is not supported: NUCLEO-C051C8
2025-03-29 14:11:56,653 [INFO] BoardInfo:889 - No configuration file found for board NUCLEO-C092RC
2025-03-29 14:11:56,654 [INFO] DbBoards:161 - Board is not supported: NUCLEO-C092RC
2025-03-29 14:11:56,749 [INFO] BoardInfo:889 - No configuration file found for board NUCLEO-N657X0-Q
2025-03-29 14:11:56,750 [INFO] DbBoards:161 - Board is not supported: NUCLEO-N657X0-Q
2025-03-29 14:11:56,755 [INFO] BoardInfo:889 - No configuration file found for board NUCLEO-U385RG-Q
2025-03-29 14:11:56,755 [INFO] DbBoards:161 - Board is not supported: NUCLEO-U385RG-Q
2025-03-29 14:11:56,770 [INFO] BoardInfo:889 - No configuration file found for board NUCLEO-WBA65RI
2025-03-29 14:11:56,770 [INFO] DbBoards:161 - Board is not supported: NUCLEO-WBA65RI
2025-03-29 14:11:56,771 [INFO] BoardInfo:889 - No configuration file found for board NUCLEO-WL33CC1
2025-03-29 14:11:56,772 [INFO] DbBoards:161 - Board is not supported: NUCLEO-WL33CC1
2025-03-29 14:11:56,773 [INFO] BoardInfo:889 - No configuration file found for board NUCLEO-WL33CC2
2025-03-29 14:11:56,773 [INFO] DbBoards:161 - Board is not supported: NUCLEO-WL33CC2
2025-03-29 14:11:56,779 [INFO] BoardInfo:889 - No configuration file found for board P-NUCLEO-WB55
2025-03-29 14:11:56,780 [INFO] DbBoards:161 - Kit is not supported: P-NUCLEO-WB55
2025-03-29 14:11:56,786 [INFO] BoardInfo:889 - No configuration file found for board STEVAL-BFA001V1B
2025-03-29 14:11:56,786 [INFO] DbBoards:161 - Kit is not supported: STEVAL-BFA001V1B
2025-03-29 14:11:56,787 [INFO] BoardInfo:889 - No configuration file found for board STEVAL-BFA001V2B
2025-03-29 14:11:56,789 [INFO] DbBoards:161 - Kit is not supported: STEVAL-BFA001V2B
2025-03-29 14:11:56,934 [INFO] BoardInfo:889 - No configuration file found for board STM32N6570-DK
2025-03-29 14:11:56,935 [INFO] DbBoards:161 - Board is not supported: STM32N6570-DK
2025-03-29 14:11:56,947 [INFO] BoardInfo:889 - No configuration file found for board STM32WBA65I-DK1
2025-03-29 14:11:56,948 [INFO] DbBoards:161 - Board is not supported: STM32WBA65I-DK1
2025-03-29 14:11:56,948 [INFO] DbBoards:168 - Found 210 boards, 198 are supported
2025-03-29 14:11:56,948 [INFO] DbBoards:169 - Found 210 boards, 25 of them is supported for  Bsp
2025-03-29 14:11:56,951 [INFO] ApiDb:423 - Load user favorites file C:\Users\PCHP/.stm32cubeide/favorites.boards.txt: 0 item(s)
2025-03-29 14:11:56,951 [INFO] ApiDb:427 - User favorites Boards=[]
2025-03-29 14:11:56,952 [INFO] DbBoards:198 - Set 0 / 0 favorites Boards
2025-03-29 14:11:57,023 [INFO] UtilMem:75 - End LoadConfig() Used Memory: 178112504 Bytes (367001600)
2025-03-29 14:11:57,201 [WARN] ThirdParty:833 - waiting for thirdparty lock release [change project]
2025-03-29 14:11:57,201 [INFO] ThirdParty:835 - entering critical section [change project]
2025-03-29 14:11:57,201 [INFO] ThirdParty:1030 - CMSIS Pack Vendor :STMicroelectronics USBPD 4.1
2025-03-29 14:11:57,201 [INFO] ThirdParty:1030 - CMSIS Pack Vendor :STMicroelectronics X-CUBE-AZRTOS-H7 3.3.0
2025-03-29 14:11:57,201 [INFO] ThirdParty:1030 - CMSIS Pack Vendor :STMicroelectronics X-CUBE-NFC9 1.0.0
2025-03-29 14:11:57,201 [INFO] ThirdParty:1030 - CMSIS Pack Vendor :STMicroelectronics USB_HOST 2.0.0
2025-03-29 14:11:57,201 [INFO] ThirdParty:1030 - CMSIS Pack Vendor :STMicroelectronics FP-SNS-MOTENVWB1 1.4.0
2025-03-29 14:11:57,202 [INFO] ThirdParty:1030 - CMSIS Pack Vendor :STMicroelectronics X-CUBE-AZRTOS-F4 1.1.0
2025-03-29 14:11:57,202 [INFO] ThirdParty:1030 - CMSIS Pack Vendor :STMicroelectronics LIBJPEG 8.0.0
2025-03-29 14:11:57,202 [INFO] ThirdParty:1030 - CMSIS Pack Vendor :STMicroelectronics FP-ATR-ASTRA1 2.0.2
2025-03-29 14:11:57,202 [INFO] ThirdParty:1030 - CMSIS Pack Vendor :STMicroelectronics FP-ATR-ASTRA1 2.0.1
2025-03-29 14:11:57,202 [INFO] ThirdParty:1030 - CMSIS Pack Vendor :STMicroelectronics X-CUBE-BLE1 7.1.0
2025-03-29 14:11:57,202 [INFO] ThirdParty:1030 - CMSIS Pack Vendor :STMicroelectronics X-CUBE-SMBUS 2.1.0
2025-03-29 14:11:57,202 [INFO] ThirdParty:1030 - CMSIS Pack Vendor :STMicroelectronics X-CUBE-WB05N 1.1.0
2025-03-29 14:11:57,202 [INFO] ThirdParty:1030 - CMSIS Pack Vendor :STMicroelectronics USB_DEVICE 3.0.0
2025-03-29 14:11:57,202 [INFO] ThirdParty:1030 - CMSIS Pack Vendor :STMicroelectronics X-CUBE-TCPP 4.1.0
2025-03-29 14:11:57,203 [INFO] ThirdParty:1030 - CMSIS Pack Vendor :STMicroelectronics X-CUBE-ISPU 2.1.0
2025-03-29 14:11:57,203 [INFO] ThirdParty:1030 - CMSIS Pack Vendor :STMicroelectronics X-CUBE-FREERTOS 1.2.0
2025-03-29 14:11:57,203 [INFO] ThirdParty:1030 - CMSIS Pack Vendor :STMicroelectronics X-CUBE-IPS 3.0.0
2025-03-29 14:11:57,203 [INFO] ThirdParty:1030 - CMSIS Pack Vendor :STMicroelectronics X-CUBE-AZRTOS-WB 2.0.0
2025-03-29 14:11:57,203 [INFO] ThirdParty:1030 - CMSIS Pack Vendor :STMicroelectronics X-CUBE-GNSS1 7.0.0
2025-03-29 14:11:57,203 [INFO] ThirdParty:1030 - CMSIS Pack Vendor :STMicroelectronics X-CUBE-GNSS1 7.0.1
2025-03-29 14:11:57,203 [INFO] ThirdParty:1030 - CMSIS Pack Vendor :STMicroelectronics X-CUBE-AZRTOS-F7 1.1.0
2025-03-29 14:11:57,203 [INFO] ThirdParty:1030 - CMSIS Pack Vendor :STMicroelectronics X-CUBE-AZRTOS-L5 2.0.0
2025-03-29 14:11:57,203 [INFO] ThirdParty:1030 - CMSIS Pack Vendor :STMicroelectronics X-CUBE-TOUCHGFX 4.25.0
2025-03-29 14:11:57,203 [INFO] ThirdParty:1030 - CMSIS Pack Vendor :STMicroelectronics USB_DEVICE 2.0.0
2025-03-29 14:11:57,203 [INFO] ThirdParty:1030 - CMSIS Pack Vendor :STMicroelectronics X-CUBE-NFC6 3.1.0
2025-03-29 14:11:57,203 [INFO] ThirdParty:1030 - CMSIS Pack Vendor :STMicroelectronics FP-SNS-STBOX1 2.0.0
2025-03-29 14:11:57,203 [INFO] ThirdParty:1030 - CMSIS Pack Vendor :STMicroelectronics X-CUBE-MEMS1 11.0.0
2025-03-29 14:11:57,203 [INFO] ThirdParty:1030 - CMSIS Pack Vendor :STMicroelectronics FreeRTOS 0.0.1
2025-03-29 14:11:57,203 [INFO] ThirdParty:1030 - CMSIS Pack Vendor :STMicroelectronics X-CUBE-AZRTOS-G0 1.1.0
2025-03-29 14:11:57,203 [INFO] ThirdParty:1030 - CMSIS Pack Vendor :STMicroelectronics X-CUBE-SAFEA1 1.2.2
2025-03-29 14:11:57,203 [INFO] ThirdParty:1030 - CMSIS Pack Vendor :STMicroelectronics X-CUBE-NFC4 3.0.0
2025-03-29 14:11:57,203 [INFO] ThirdParty:1030 - CMSIS Pack Vendor :STMicroelectronics X-CUBE-DPower 1.2.0
2025-03-29 14:11:57,203 [INFO] ThirdParty:1030 - CMSIS Pack Vendor :STMicroelectronics X-CUBE-SUBG2 5.0.0
2025-03-29 14:11:57,203 [INFO] ThirdParty:1030 - CMSIS Pack Vendor :STMicroelectronics X-CUBE-AZRTOS-H7RS 1.1.0
2025-03-29 14:11:57,203 [INFO] ThirdParty:1030 - CMSIS Pack Vendor :STMicroelectronics STM32_WPAN 1.0.0
2025-03-29 14:11:57,203 [INFO] ThirdParty:1030 - CMSIS Pack Vendor :EmbeddedOffice I-CUBE-FS-RTOS 1.0.1
2025-03-29 14:11:57,204 [INFO] ThirdParty:1030 - CMSIS Pack Vendor :STMicroelectronics lwIP 2.0.3
2025-03-29 14:11:57,204 [INFO] ThirdParty:1030 - CMSIS Pack Vendor :STMicroelectronics FP-SNS-FLIGHT1 5.0.2
2025-03-29 14:11:57,204 [INFO] ThirdParty:1030 - CMSIS Pack Vendor :Cesanta I-CUBE-Mongoose 7.13.0
2025-03-29 14:11:57,204 [INFO] ThirdParty:1030 - CMSIS Pack Vendor :STMicroelectronics USB_HOST 1.0.0
2025-03-29 14:11:57,204 [INFO] ThirdParty:1030 - CMSIS Pack Vendor :STMicroelectronics X-CUBE-AZRTOS-G4 2.0.0
2025-03-29 14:11:57,204 [INFO] ThirdParty:1030 - CMSIS Pack Vendor :STMicroelectronics PDM2PCM 3.1.0
2025-03-29 14:11:57,204 [INFO] ThirdParty:1030 - CMSIS Pack Vendor :STMicroelectronics PDM2PCM 3.3.0
2025-03-29 14:11:57,204 [INFO] ThirdParty:1030 - CMSIS Pack Vendor :STMicroelectronics X-CUBE-DISPLAY 3.0.0
2025-03-29 14:11:57,204 [INFO] ThirdParty:1030 - CMSIS Pack Vendor :RealThread X-CUBE-RT-Thread_Nano 4.1.1
2025-03-29 14:11:57,204 [INFO] ThirdParty:1030 - CMSIS Pack Vendor :STMicroelectronics X-CUBE-BLE1 7.0.0
2025-03-29 14:11:57,204 [INFO] ThirdParty:1030 - CMSIS Pack Vendor :STMicroelectronics FP-ATR-SIGFOX1 3.2.0
2025-03-29 14:11:57,204 [INFO] ThirdParty:1030 - CMSIS Pack Vendor :STMicroelectronics X-CUBE-NFC10 1.0.0
2025-03-29 14:11:57,204 [INFO] ThirdParty:1030 - CMSIS Pack Vendor :wolfSSL I-CUBE-wolfSSL 5.7.2
2025-03-29 14:11:57,204 [INFO] ThirdParty:1030 - CMSIS Pack Vendor :quantropi X-CUBE-qispace-sdk-base 1.9.3
2025-03-29 14:11:57,204 [INFO] ThirdParty:1030 - CMSIS Pack Vendor :STMicroelectronics X-CUBE-BLEMGR 4.0.0
2025-03-29 14:11:57,204 [INFO] ThirdParty:1030 - CMSIS Pack Vendor :STMicroelectronics X-CUBE-EEPRMA1 5.1.0
2025-03-29 14:11:57,204 [INFO] ThirdParty:1030 - CMSIS Pack Vendor :STMicroelectronics HAL Drivers 0.0.0
2025-03-29 14:11:57,204 [INFO] ThirdParty:1030 - CMSIS Pack Vendor :STMicroelectronics MBEDTLS 2.16.2
2025-03-29 14:11:57,204 [INFO] ThirdParty:1030 - CMSIS Pack Vendor :STMicroelectronics X-CUBE-ALS 1.0.2
2025-03-29 14:11:57,204 [INFO] ThirdParty:1030 - CMSIS Pack Vendor :emotas I-CUBE-CANOPEN 1.3.0
2025-03-29 14:11:57,204 [INFO] ThirdParty:1030 - CMSIS Pack Vendor :STMicroelectronics X-CUBE-FREERTOS 1.3.0
2025-03-29 14:11:57,204 [INFO] ThirdParty:1030 - CMSIS Pack Vendor :STMicroelectronics X-CUBE-NFC7 1.0.1
2025-03-29 14:11:57,204 [INFO] ThirdParty:1030 - CMSIS Pack Vendor :STMicroelectronics MBEDTLS 2.14.1
2025-03-29 14:11:57,204 [INFO] ThirdParty:1030 - CMSIS Pack Vendor :ITTIA_DB I-CUBE-ITTIADB 8.9.0
2025-03-29 14:11:57,204 [INFO] ThirdParty:1030 - CMSIS Pack Vendor :STMicroelectronics X-CUBE-TOUCHGFX 4.24.1
2025-03-29 14:11:57,204 [INFO] ThirdParty:1030 - CMSIS Pack Vendor :wolfSSL I-CUBE-wolfTPM 3.4.0
2025-03-29 14:11:57,204 [INFO] ThirdParty:1030 - CMSIS Pack Vendor :portGmbH I-Cube-SoM-uGOAL 1.1.0
2025-03-29 14:11:57,204 [INFO] ThirdParty:1030 - CMSIS Pack Vendor :STMicroelectronics X-CUBE-BLEMGR 3.1.0
2025-03-29 14:11:57,205 [INFO] ThirdParty:1030 - CMSIS Pack Vendor :STMicroelectronics X-CUBE-AI 10.0.0
2025-03-29 14:11:57,205 [INFO] ThirdParty:1030 - CMSIS Pack Vendor :STMicroelectronics ThreadX 1.0.0
2025-03-29 14:11:57,205 [INFO] ThirdParty:1030 - CMSIS Pack Vendor :STMicroelectronics FP-SNS-SMARTAG2 1.2.0
2025-03-29 14:11:57,205 [INFO] ThirdParty:1030 - CMSIS Pack Vendor :STMicroelectronics X-CUBE-MEMS1 11.1.0
2025-03-29 14:11:57,205 [INFO] ThirdParty:1030 - CMSIS Pack Vendor :STMicroelectronics X-CUBE-AZRTOS-WL 2.0.0
2025-03-29 14:11:57,205 [INFO] ThirdParty:1030 - CMSIS Pack Vendor :SEGGER I-CUBE-embOS 1.3.1
2025-03-29 14:11:57,205 [INFO] ThirdParty:1030 - CMSIS Pack Vendor :STMicroelectronics X-CUBE-ALGOBUILD 1.4.0
2025-03-29 14:11:57,205 [INFO] ThirdParty:1030 - CMSIS Pack Vendor :STMicroelectronics X-CUBE-DPower 1.3.0
2025-03-29 14:11:57,205 [INFO] ThirdParty:1030 - CMSIS Pack Vendor :STMicroelectronics FP-SNS-MOTENV1 5.0.0
2025-03-29 14:11:57,205 [INFO] ThirdParty:1030 - CMSIS Pack Vendor :STMicroelectronics USB_DEVICE 1.0.0
2025-03-29 14:11:57,205 [INFO] ThirdParty:1030 - CMSIS Pack Vendor :STMicroelectronics X-CUBE-AZRTOS-H7RS 1.0.0
2025-03-29 14:11:57,205 [INFO] ThirdParty:1030 - CMSIS Pack Vendor :wolfSSL I-CUBE-wolfMQTT 1.19.0
2025-03-29 14:11:57,205 [INFO] ThirdParty:1030 - CMSIS Pack Vendor :STMicroelectronics X-CUBE-AZRTOS-L4 2.0.0
2025-03-29 14:11:57,205 [INFO] ThirdParty:1030 - CMSIS Pack Vendor :STMicroelectronics ThreadX 0.0.2
2025-03-29 14:11:57,205 [INFO] ThirdParty:1030 - CMSIS Pack Vendor :WES I-CUBE-Cesium 1.3.0
2025-03-29 14:11:57,205 [INFO] ThirdParty:1030 - CMSIS Pack Vendor :STMicroelectronics FP-ATR-ASTRA1 2.0.0
2025-03-29 14:11:57,205 [INFO] ThirdParty:1030 - CMSIS Pack Vendor :STMicroelectronics lwIP 2.1.2
2025-03-29 14:11:57,205 [INFO] ThirdParty:1030 - CMSIS Pack Vendor :STMicroelectronics X-CUBE-SFXS2LP1 4.0.0
2025-03-29 14:11:57,205 [INFO] ThirdParty:1030 - CMSIS Pack Vendor :STMicroelectronics X-CUBE-BLE2 3.3.0
2025-03-29 14:11:57,205 [INFO] ThirdParty:1030 - CMSIS Pack Vendor :STMicroelectronics X-CUBE-TOF1 3.4.2
2025-03-29 14:11:57,205 [INFO] ThirdParty:1030 - CMSIS Pack Vendor :STMicroelectronics X-CUBE-AI 9.1.0
2025-03-29 14:11:57,205 [INFO] ThirdParty:1030 - CMSIS Pack Vendor :Infineon AIROC-Wi-Fi-Bluetooth-STM32 1.6.1
2025-03-29 14:11:57,205 [INFO] ThirdParty:1030 - CMSIS Pack Vendor :STMicroelectronics PDM2PCM 3.2.0
2025-03-29 14:11:57,205 [INFO] ThirdParty:1030 - CMSIS Pack Vendor :wolfSSL I-CUBE-wolfSSH 1.4.17
2025-03-29 14:11:57,206 [INFO] ThirdParty:841 - exiting critical section [change project]
2025-03-29 14:11:57,500 [INFO] PinOutPanel:1561 - setPackage(No Configuration,No Configuration)
2025-03-29 14:11:57,502 [INFO] PinOutPanel:1561 - setPackage(STM32F103C8Tx,LQFP48)
2025-03-29 14:11:58,078 [INFO] UtilMem:75 - Before build in PCC Used Memory: 242969984 Bytes (367001600)
2025-03-29 14:11:59,170 [INFO] UtilMem:75 - After build in PCC Used Memory: 242358896 Bytes (367001600)
2025-03-29 14:11:59,201 [INFO] IPUIPlugin:80 - create IPUIPlugin
2025-03-29 14:11:59,201 [INFO] IPUIPlugin:80 - create IPUIPlugin
2025-03-29 14:11:59,202 [INFO] IPUIPlugin:80 - create IPUIPlugin
2025-03-29 14:11:59,202 [INFO] IPUIPlugin:80 - create IPUIPlugin
2025-03-29 14:11:59,202 [INFO] IPUIPlugin:80 - create IPUIPlugin
2025-03-29 14:11:59,202 [INFO] IPUIPlugin:80 - create IPUIPlugin
2025-03-29 14:11:59,202 [INFO] IPUIPlugin:80 - create IPUIPlugin
2025-03-29 14:11:59,202 [INFO] IPUIPlugin:80 - create IPUIPlugin
2025-03-29 14:11:59,202 [INFO] IPUIPlugin:80 - create IPUIPlugin
2025-03-29 14:11:59,202 [INFO] IPUIPlugin:80 - create IPUIPlugin
2025-03-29 14:11:59,202 [INFO] IPUIPlugin:80 - create IPUIPlugin
2025-03-29 14:11:59,202 [INFO] IPUIPlugin:80 - create IPUIPlugin
2025-03-29 14:11:59,203 [INFO] IPUIPlugin:80 - create IPUIPlugin
2025-03-29 14:11:59,203 [INFO] IPUIPlugin:80 - create IPUIPlugin
2025-03-29 14:11:59,203 [INFO] IPUIPlugin:80 - create IPUIPlugin
2025-03-29 14:11:59,203 [INFO] IPUIPlugin:80 - create IPUIPlugin
2025-03-29 14:11:59,203 [INFO] IPUIPlugin:80 - create IPUIPlugin
2025-03-29 14:11:59,203 [INFO] IPUIPlugin:80 - create IPUIPlugin
2025-03-29 14:11:59,203 [INFO] IPUIPlugin:80 - create IPUIPlugin
2025-03-29 14:11:59,203 [INFO] IPUIPlugin:80 - create IPUIPlugin
2025-03-29 14:11:59,204 [INFO] IPUIPlugin:80 - create IPUIPlugin
2025-03-29 14:11:59,204 [INFO] IPUIPlugin:80 - create IPUIPlugin
2025-03-29 14:11:59,204 [INFO] IPUIPlugin:80 - create IPUIPlugin
2025-03-29 14:11:59,204 [INFO] IPUIPlugin:80 - create IPUIPlugin
2025-03-29 14:11:59,204 [INFO] IPUIPlugin:80 - create IPUIPlugin
2025-03-29 14:11:59,204 [INFO] IPUIPlugin:80 - create IPUIPlugin
2025-03-29 14:11:59,205 [INFO] IPUIPlugin:80 - create IPUIPlugin
2025-03-29 14:11:59,472 [INFO] CADModel:165 - CPN selected for project levelSTM32F103C8T6
2025-03-29 14:11:59,472 [INFO] CADModel:114 - Register for checkConnection events
2025-03-29 14:11:59,545 [INFO] OpenFileManager:363 - Restore cursor
2025-03-29 14:12:15,890 [INFO] Can:71 - Can Add PropertyChangeListener com.st.microxplorer.plugins.ip.can.Can@3bc229ce
2025-03-29 14:12:16,204 [INFO] NvicIntPanel:101 - NVIC parent = com.st.microxplorer.plugins.ip.nvic.MultiNvicIntPanel[,0,0,0x0,invalid,layout=javax.swing.BoxLayout,alignmentX=0.0,alignmentY=0.0,border=,flags=9,maximumSize=,minimumSize=,preferredSize=]
2025-03-29 14:14:57,795 [INFO] NvicIntPanel:101 - NVIC parent = com.st.microxplorer.plugins.ip.nvic.MultiNvicIntPanel[,0,0,0x0,invalid,layout=javax.swing.BoxLayout,alignmentX=0.0,alignmentY=0.0,border=,flags=9,maximumSize=,minimumSize=,preferredSize=]
2025-03-29 14:14:57,891 [INFO] NvicIntPanel:101 - NVIC parent = com.st.microxplorer.plugins.ip.nvic.MultiNvicIntPanel[,0,0,0x0,invalid,layout=javax.swing.BoxLayout,alignmentX=0.0,alignmentY=0.0,border=,flags=9,maximumSize=,minimumSize=,preferredSize=]
2025-03-29 14:15:01,622 [INFO] NvicIntPanel:101 - NVIC parent = com.st.microxplorer.plugins.ip.nvic.MultiNvicIntPanel[,0,0,0x0,invalid,layout=javax.swing.BoxLayout,alignmentX=0.0,alignmentY=0.0,border=,flags=9,maximumSize=,minimumSize=,preferredSize=]
2025-03-29 14:15:01,716 [INFO] NvicIntPanel:101 - NVIC parent = com.st.microxplorer.plugins.ip.nvic.MultiNvicIntPanel[,0,0,0x0,invalid,layout=javax.swing.BoxLayout,alignmentX=0.0,alignmentY=0.0,border=,flags=9,maximumSize=,minimumSize=,preferredSize=]
2025-03-29 14:15:22,695 [INFO] NvicIntPanel:101 - NVIC parent = com.st.microxplorer.plugins.ip.nvic.MultiNvicIntPanel[,0,0,0x0,invalid,layout=javax.swing.BoxLayout,alignmentX=0.0,alignmentY=0.0,border=,flags=9,maximumSize=,minimumSize=,preferredSize=]
2025-03-29 14:15:22,755 [INFO] NvicIntPanel:101 - NVIC parent = com.st.microxplorer.plugins.ip.nvic.MultiNvicIntPanel[,0,0,0x0,invalid,layout=javax.swing.BoxLayout,alignmentX=0.0,alignmentY=0.0,border=,flags=9,maximumSize=,minimumSize=,preferredSize=]
2025-03-29 14:18:20,326 [INFO] NvicIntPanel:101 - NVIC parent = com.st.microxplorer.plugins.ip.nvic.MultiNvicIntPanel[,0,0,515x547,layout=javax.swing.BoxLayout,alignmentX=0.0,alignmentY=0.0,border=,flags=9,maximumSize=,minimumSize=,preferredSize=]
2025-03-29 14:19:06,062 [INFO] NvicIntPanel:101 - NVIC parent = com.st.microxplorer.plugins.ip.nvic.MultiNvicIntPanel[,0,0,0x0,invalid,layout=javax.swing.BoxLayout,alignmentX=0.0,alignmentY=0.0,border=,flags=9,maximumSize=,minimumSize=,preferredSize=]
2025-03-29 14:19:06,137 [INFO] NvicIntPanel:101 - NVIC parent = com.st.microxplorer.plugins.ip.nvic.MultiNvicIntPanel[,0,0,0x0,invalid,layout=javax.swing.BoxLayout,alignmentX=0.0,alignmentY=0.0,border=,flags=9,maximumSize=,minimumSize=,preferredSize=]
2025-03-29 14:19:20,010 [INFO] NvicIntPanel:101 - NVIC parent = com.st.microxplorer.plugins.ip.nvic.MultiNvicIntPanel[,0,0,0x0,invalid,layout=javax.swing.BoxLayout,alignmentX=0.0,alignmentY=0.0,border=,flags=9,maximumSize=,minimumSize=,preferredSize=]
2025-03-29 14:20:06,807 [INFO] UtilMem:75 - End SaveConfig() Used Memory: 638354824 Bytes (1073741824)
2025-03-29 14:20:09,734 [INFO] UtilMem:75 - End SaveConfig() Used Memory: 663055136 Bytes (1073741824)
2025-03-29 14:20:18,107 [INFO] UtilMem:75 - End SaveConfig() Used Memory: 753696136 Bytes (1073741824)
2025-03-29 14:20:18,745 [INFO] BlockDiagram:2766 - set Specific Code input for plugin: NVIC
2025-03-29 14:20:18,745 [INFO] BlockDiagram:2766 - set Specific Code input for plugin: SYS
2025-03-29 14:20:18,745 [INFO] BlockDiagram:2766 - set Specific Code input for plugin: GPIO
2025-03-29 14:20:18,746 [INFO] BlockDiagram:2766 - set Specific Code input for plugin: CAN
2025-03-29 14:20:18,746 [INFO] BlockDiagram:2766 - set Specific Code input for plugin: RCC
2025-03-29 14:20:18,748 [INFO] CodeGenerator:807 - code generatio: config db path: C:\ST\STM32CubeIDE_1.16.1\STM32CubeIDE\plugins\com.st.stm32cube.common.mx_6.12.1.202409122256\\db\
2025-03-29 14:20:19,018 [INFO] CodeEngine:255 - oldGeneratedFile, E:\PROGRAMMING\Embedded_STM32\Blue_bill\Can_loopback\MXTmpFiles\license.tmp_save
2025-03-29 14:20:19,510 [INFO] CodeEngine:279 - Generated code: E:\PROGRAMMING\Embedded_STM32\Blue_bill\Can_loopback\MXTmpFiles\license.tmp
2025-03-29 14:20:19,665 [INFO] CodeEngine:255 - oldGeneratedFile, E:\PROGRAMMING\Embedded_STM32\Blue_bill\Can_loopback\MXTmpFiles\gpio.tmp_save
2025-03-29 14:20:19,826 [INFO] CodeEngine:279 - Generated code: E:\PROGRAMMING\Embedded_STM32\Blue_bill\Can_loopback\MXTmpFiles\gpio.tmp
2025-03-29 14:20:19,951 [INFO] CodeEngine:255 - oldGeneratedFile, E:\PROGRAMMING\Embedded_STM32\Blue_bill\Can_loopback\Core\Src\stm32f1xx_it.c_save
2025-03-29 14:20:20,123 [INFO] CodeEngine:279 - Generated code: E:\PROGRAMMING\Embedded_STM32\Blue_bill\Can_loopback\Core\Src\stm32f1xx_it.c
2025-03-29 14:20:20,162 [INFO] CodeEngine:255 - oldGeneratedFile, E:\PROGRAMMING\Embedded_STM32\Blue_bill\Can_loopback\Core\Inc\stm32f1xx_it.h_save
2025-03-29 14:20:20,274 [INFO] CodeEngine:279 - Generated code: E:\PROGRAMMING\Embedded_STM32\Blue_bill\Can_loopback\Core\Inc\stm32f1xx_it.h
2025-03-29 14:20:20,321 [INFO] CodeEngine:255 - oldGeneratedFile, E:\PROGRAMMING\Embedded_STM32\Blue_bill\Can_loopback\Core\Src\stm32f1xx_hal_msp.c_save
2025-03-29 14:20:20,536 [INFO] CodeEngine:279 - Generated code: E:\PROGRAMMING\Embedded_STM32\Blue_bill\Can_loopback\Core\Src\stm32f1xx_hal_msp.c
2025-03-29 14:20:20,550 [INFO] CodeEngine:255 - oldGeneratedFile, E:\PROGRAMMING\Embedded_STM32\Blue_bill\Can_loopback\MXTmpFiles\system.tmp_save
2025-03-29 14:20:20,639 [INFO] CodeEngine:279 - Generated code: E:\PROGRAMMING\Embedded_STM32\Blue_bill\Can_loopback\MXTmpFiles\system.tmp
2025-03-29 14:20:20,678 [INFO] CodeEngine:311 - oldGeneratedFile, E:\PROGRAMMING\Embedded_STM32\Blue_bill\Can_loopback\Core\Inc\stm32f1xx_hal_conf.h_save
2025-03-29 14:20:20,818 [INFO] CodeEngine:335 - Generated code: E:\PROGRAMMING\Embedded_STM32\Blue_bill\Can_loopback\Core\Inc\stm32f1xx_hal_conf.h
2025-03-29 14:20:20,900 [INFO] CodeEngine:255 - oldGeneratedFile, E:\PROGRAMMING\Embedded_STM32\Blue_bill\Can_loopback\Core\Inc\main.h_save
2025-03-29 14:20:21,038 [INFO] CodeEngine:279 - Generated code: E:\PROGRAMMING\Embedded_STM32\Blue_bill\Can_loopback\Core\Inc\main.h
2025-03-29 14:20:21,071 [INFO] CodeEngine:255 - oldGeneratedFile, E:\PROGRAMMING\Embedded_STM32\Blue_bill\Can_loopback\Core\Src\main.c_save
2025-03-29 14:20:21,228 [INFO] CodeEngine:279 - Generated code: E:\PROGRAMMING\Embedded_STM32\Blue_bill\Can_loopback\Core\Src\main.c
2025-03-29 14:20:21,562 [INFO] ProjectBuilder:3249 - Time for Copy HAL[1] : 155mS.
2025-03-29 14:20:21,570 [INFO] ProjectBuilder:4828 - Project Generator version: 4.5.0-B34
2025-03-29 14:20:21,651 [INFO] ConfigFileManager:1531 - The Die is : DIE410
2025-03-29 14:20:21,678 [INFO] ApiDbMcu:508 - Load IP Config File for FATFS
2025-03-29 14:20:21,694 [INFO] ApiDbMcu:508 - Load IP Config File for FREERTOS
2025-03-29 14:20:21,714 [INFO] ApiDbMcu:508 - Load IP Config File for USB_DEVICE
2025-03-29 14:20:22,498 [INFO] LogOutputStream:77 - [STDOUT_REDIRECT] 
2025-03-29 14:20:24,371 [INFO] ProjectBuilder:5097 - Time for Generating toolchain IDE Files: 2801mS.
2025-03-29 14:20:24,372 [INFO] ProjectBuilder:3107 - Time for Copy CMSIS : 1mS.
2025-03-29 14:20:24,374 [INFO] ProjectBuilder:3107 - Time for Copy CMSIS : 1mS.
2025-03-29 14:37:53,561 [INFO] NvicIntPanel:101 - NVIC parent = com.st.microxplorer.plugins.ip.nvic.MultiNvicIntPanel[,0,0,0x0,invalid,layout=javax.swing.BoxLayout,alignmentX=0.0,alignmentY=0.0,border=,flags=9,maximumSize=,minimumSize=,preferredSize=]
2025-03-29 14:37:53,911 [INFO] NvicIntPanel:101 - NVIC parent = com.st.microxplorer.plugins.ip.nvic.MultiNvicIntPanel[,0,0,0x0,invalid,layout=javax.swing.BoxLayout,alignmentX=0.0,alignmentY=0.0,border=,flags=9,maximumSize=,minimumSize=,preferredSize=]
2025-03-29 14:38:18,586 [INFO] UtilMem:75 - End SaveConfig() Used Memory: 806669896 Bytes (1073741824)
2025-03-29 14:38:20,228 [INFO] UtilMem:75 - End SaveConfig() Used Memory: 828342368 Bytes (1073741824)
2025-03-29 14:38:22,127 [INFO] UtilMem:75 - End SaveConfig() Used Memory: 882145912 Bytes (1073741824)
2025-03-29 14:38:22,472 [INFO] BlockDiagram:2766 - set Specific Code input for plugin: NVIC
2025-03-29 14:38:22,473 [INFO] BlockDiagram:2766 - set Specific Code input for plugin: SYS
2025-03-29 14:38:22,473 [INFO] BlockDiagram:2766 - set Specific Code input for plugin: GPIO
2025-03-29 14:38:22,473 [INFO] BlockDiagram:2766 - set Specific Code input for plugin: CAN
2025-03-29 14:38:22,473 [INFO] BlockDiagram:2766 - set Specific Code input for plugin: RCC
2025-03-29 14:38:22,474 [INFO] CodeGenerator:807 - code generatio: config db path: C:\ST\STM32CubeIDE_1.16.1\STM32CubeIDE\plugins\com.st.stm32cube.common.mx_6.12.1.202409122256\\db\
2025-03-29 14:38:22,595 [INFO] CodeEngine:255 - oldGeneratedFile, E:\PROGRAMMING\Embedded_STM32\Blue_bill\Can_loopback\MXTmpFiles\license.tmp_save
2025-03-29 14:38:22,733 [INFO] CodeEngine:279 - Generated code: E:\PROGRAMMING\Embedded_STM32\Blue_bill\Can_loopback\MXTmpFiles\license.tmp
2025-03-29 14:38:22,753 [INFO] CodeEngine:255 - oldGeneratedFile, E:\PROGRAMMING\Embedded_STM32\Blue_bill\Can_loopback\MXTmpFiles\gpio.tmp_save
2025-03-29 14:38:22,886 [INFO] CodeEngine:279 - Generated code: E:\PROGRAMMING\Embedded_STM32\Blue_bill\Can_loopback\MXTmpFiles\gpio.tmp
2025-03-29 14:38:22,994 [INFO] CodeEngine:255 - oldGeneratedFile, E:\PROGRAMMING\Embedded_STM32\Blue_bill\Can_loopback\Core\Src\stm32f1xx_it.c_save
2025-03-29 14:38:23,394 [INFO] CodeEngine:279 - Generated code: E:\PROGRAMMING\Embedded_STM32\Blue_bill\Can_loopback\Core\Src\stm32f1xx_it.c
2025-03-29 14:38:23,404 [INFO] CodeEngine:255 - oldGeneratedFile, E:\PROGRAMMING\Embedded_STM32\Blue_bill\Can_loopback\Core\Inc\stm32f1xx_it.h_save
2025-03-29 14:38:23,514 [INFO] CodeEngine:279 - Generated code: E:\PROGRAMMING\Embedded_STM32\Blue_bill\Can_loopback\Core\Inc\stm32f1xx_it.h
2025-03-29 14:38:23,547 [INFO] CodeEngine:255 - oldGeneratedFile, E:\PROGRAMMING\Embedded_STM32\Blue_bill\Can_loopback\Core\Src\stm32f1xx_hal_msp.c_save
2025-03-29 14:38:23,769 [INFO] CodeEngine:279 - Generated code: E:\PROGRAMMING\Embedded_STM32\Blue_bill\Can_loopback\Core\Src\stm32f1xx_hal_msp.c
2025-03-29 14:38:23,773 [INFO] CodeEngine:255 - oldGeneratedFile, E:\PROGRAMMING\Embedded_STM32\Blue_bill\Can_loopback\MXTmpFiles\system.tmp_save
2025-03-29 14:38:23,915 [INFO] CodeEngine:279 - Generated code: E:\PROGRAMMING\Embedded_STM32\Blue_bill\Can_loopback\MXTmpFiles\system.tmp
2025-03-29 14:38:23,962 [INFO] CodeEngine:311 - oldGeneratedFile, E:\PROGRAMMING\Embedded_STM32\Blue_bill\Can_loopback\Core\Inc\stm32f1xx_hal_conf.h_save
2025-03-29 14:38:24,246 [INFO] CodeEngine:335 - Generated code: E:\PROGRAMMING\Embedded_STM32\Blue_bill\Can_loopback\Core\Inc\stm32f1xx_hal_conf.h
2025-03-29 14:38:24,380 [INFO] CodeEngine:255 - oldGeneratedFile, E:\PROGRAMMING\Embedded_STM32\Blue_bill\Can_loopback\Core\Inc\main.h_save
2025-03-29 14:38:24,628 [INFO] CodeEngine:279 - Generated code: E:\PROGRAMMING\Embedded_STM32\Blue_bill\Can_loopback\Core\Inc\main.h
2025-03-29 14:38:24,669 [INFO] CodeEngine:255 - oldGeneratedFile, E:\PROGRAMMING\Embedded_STM32\Blue_bill\Can_loopback\Core\Src\main.c_save
2025-03-29 14:38:24,885 [INFO] CodeEngine:279 - Generated code: E:\PROGRAMMING\Embedded_STM32\Blue_bill\Can_loopback\Core\Src\main.c
2025-03-29 14:38:25,296 [INFO] ProjectBuilder:3249 - Time for Copy HAL[1] : 172mS.
2025-03-29 14:38:25,301 [INFO] ProjectBuilder:4828 - Project Generator version: 4.5.0-B34
2025-03-29 14:38:25,396 [INFO] ConfigFileManager:1531 - The Die is : DIE410
2025-03-29 14:38:26,510 [INFO] ProjectBuilder:5097 - Time for Generating toolchain IDE Files: 1210mS.
2025-03-29 14:38:26,511 [INFO] ProjectBuilder:3107 - Time for Copy CMSIS : 0mS.
2025-03-29 14:38:26,513 [INFO] ProjectBuilder:3107 - Time for Copy CMSIS : 0mS.
2025-03-29 15:54:01,827 [ERROR] LogOutputStream:75 - [STDERR_REDIRECT] 
2025-03-29 15:55:23,337 [INFO] Activator:176 - 


2025-03-29 15:55:23,339 [INFO] Activator:177 - !SESSION log4j initialized
2025-03-29 15:55:32,414 [INFO] LogOutputStream:77 - [STDOUT_REDIRECT] 
2025-03-29 15:55:34,049 [INFO] ApplicationProperties:184 - Using Application install path: C:\ST\STM32CubeIDE_1.16.1\STM32CubeIDE\plugins\com.st.stm32cube.common.mx_6.14.0.202502271554
2025-03-29 15:55:34,071 [INFO] DbMcusXml:78 - Set database path to: C:\ST\STM32CubeIDE_1.16.1\STM32CubeIDE\plugins\com.st.stm32cube.common.mx_6.14.0.202502271554\\db\/mcu/
2025-03-29 15:55:34,072 [INFO] ApiDb:274 - Set plugin database path to: C:\ST\STM32CubeIDE_1.16.1\STM32CubeIDE\plugins\com.st.stm32cube.common.mx_6.14.0.202502271554\\db\/plugins/boardmanager/
2025-03-29 15:55:34,072 [WARN] ApiDb:259 - Overriding images path with different value:  => C:\ST\STM32CubeIDE_1.16.1\STM32CubeIDE\plugins\com.st.stm32cube.common.mx_6.14.0.202502271554\\db\/plugins/mcufinder/images/
2025-03-29 15:55:34,078 [INFO] ApiDb:250 - Set database path to: C:\Users\PCHP\.stmcufinder\plugins\mcufinder//mcu/
2025-03-29 15:55:34,079 [INFO] DbMcusAds:125 - Set database path to: C:\Users\PCHP\.stmcufinder\plugins\mcufinder//mcu/
2025-03-29 15:55:34,081 [INFO] CrossReferenceDbSqlite:203 - Set database path to: C:\Users\PCHP\.stmcufinder\plugins\mcufinder//mcu/cs/
2025-03-29 15:55:34,244 [INFO] RulesReader:64 - Compatibility file has been processed (301 Rules)
2025-03-29 15:55:34,384 [INFO] DbMcusXml:78 - Set database path to: C:\ST\STM32CubeIDE_1.16.1\STM32CubeIDE\plugins\com.st.stm32cube.common.mx_6.14.0.202502271554\\db\/mcu/
2025-03-29 15:55:34,384 [INFO] ApiDb:274 - Set plugin database path to: C:\ST\STM32CubeIDE_1.16.1\STM32CubeIDE\plugins\com.st.stm32cube.common.mx_6.14.0.202502271554\\db\/plugins/boardmanager/
2025-03-29 15:55:34,384 [INFO] ApiDb:261 - Set plugin images path to: C:\ST\STM32CubeIDE_1.16.1\STM32CubeIDE\plugins\com.st.stm32cube.common.mx_6.14.0.202502271554\\db\/plugins/mcufinder/images/
2025-03-29 15:55:34,385 [WARN] DbFile:41 - Overriding database path with different value: C:\Users\PCHP\.stmcufinder\plugins\mcufinder/ => C:\Users\PCHP\.stmcufinder\plugins\mcufinder
2025-03-29 15:55:34,385 [INFO] ApiDb:250 - Set database path to: C:\Users\PCHP\.stmcufinder\plugins\mcufinder//mcu/
2025-03-29 15:55:34,385 [WARN] DbFile:41 - Overriding database path with different value: C:\Users\PCHP\.stmcufinder\plugins\mcufinder/ => C:\Users\PCHP\.stmcufinder\plugins\mcufinder
2025-03-29 15:55:34,385 [INFO] DbMcusAds:125 - Set database path to: C:\Users\PCHP\.stmcufinder\plugins\mcufinder//mcu/
2025-03-29 15:55:34,385 [WARN] DbFile:41 - Overriding database path with different value: C:\Users\PCHP\.stmcufinder\plugins\mcufinder/ => C:\Users\PCHP\.stmcufinder\plugins\mcufinder
2025-03-29 15:55:34,385 [WARN] DbFile:41 - Overriding database path with different value: C:\Users\PCHP\.stmcufinder\plugins\mcufinder/ => C:\Users\PCHP\.stmcufinder\plugins\mcufinder
2025-03-29 15:55:34,385 [INFO] CrossReferenceDbSqlite:203 - Set database path to: C:\Users\PCHP\.stmcufinder\plugins\mcufinder//mcu/cs/
2025-03-29 15:55:34,530 [INFO] MainPanel:272 - HeapMemory: 268435456
2025-03-29 15:55:34,643 [INFO] DbMcusXml:78 - Set database path to: C:\ST\STM32CubeIDE_1.16.1\STM32CubeIDE\plugins\com.st.stm32cube.common.mx_6.14.0.202502271554\\db\/mcu/
2025-03-29 15:55:34,643 [INFO] ApiDb:274 - Set plugin database path to: C:\ST\STM32CubeIDE_1.16.1\STM32CubeIDE\plugins\com.st.stm32cube.common.mx_6.14.0.202502271554\\db\/plugins/boardmanager/
2025-03-29 15:55:34,643 [INFO] ApiDb:261 - Set plugin images path to: C:\ST\STM32CubeIDE_1.16.1\STM32CubeIDE\plugins\com.st.stm32cube.common.mx_6.14.0.202502271554\\db\/plugins/mcufinder/images/
2025-03-29 15:55:34,644 [WARN] DbFile:41 - Overriding database path with different value: C:\Users\PCHP\.stmcufinder\plugins\mcufinder/ => C:\Users\PCHP\.stmcufinder\plugins\mcufinder
2025-03-29 15:55:34,644 [INFO] ApiDb:250 - Set database path to: C:\Users\PCHP\.stmcufinder\plugins\mcufinder//mcu/
2025-03-29 15:55:34,644 [WARN] DbFile:41 - Overriding database path with different value: C:\Users\PCHP\.stmcufinder\plugins\mcufinder/ => C:\Users\PCHP\.stmcufinder\plugins\mcufinder
2025-03-29 15:55:34,644 [INFO] DbMcusAds:125 - Set database path to: C:\Users\PCHP\.stmcufinder\plugins\mcufinder//mcu/
2025-03-29 15:55:34,644 [WARN] DbFile:41 - Overriding database path with different value: C:\Users\PCHP\.stmcufinder\plugins\mcufinder/ => C:\Users\PCHP\.stmcufinder\plugins\mcufinder
2025-03-29 15:55:34,644 [WARN] DbFile:41 - Overriding database path with different value: C:\Users\PCHP\.stmcufinder\plugins\mcufinder/ => C:\Users\PCHP\.stmcufinder\plugins\mcufinder
2025-03-29 15:55:34,645 [INFO] CrossReferenceDbSqlite:203 - Set database path to: C:\Users\PCHP\.stmcufinder\plugins\mcufinder//mcu/cs/
2025-03-29 15:55:34,684 [INFO] ApplicationProperties:184 - Using Application install path: C:\ST\STM32CubeIDE_1.16.1\STM32CubeIDE\plugins\com.st.stm32cube.common.mx_6.14.0.202502271554
2025-03-29 15:55:34,686 [INFO] PluginManage:196 - Search for loadable plugins [exclusion list=, ]
2025-03-29 15:55:34,688 [INFO] PluginManage:310 - Check plugin analytics
2025-03-29 15:55:34,940 [INFO] AnalyticsPlugin:253 - Accepted Software Licenses: STM32CubeMX.6.12.1
2025-03-29 15:55:34,941 [INFO] AnalyticsPlugin:255 - Accepted CMSIS Pack Licenses: 
2025-03-29 15:55:34,941 [INFO] AnalyticsPlugin:257 - Accepted Firmware Licenses: FW.F4.1.28.0
2025-03-29 15:55:34,947 [INFO] PluginManage:359 - Loaded plugin analytics (category:tool,tabindex:-1)
2025-03-29 15:55:34,947 [INFO] PluginManage:310 - Check plugin cadmodel
2025-03-29 15:55:34,953 [INFO] CADModel:105 - Init CAD model plugin
2025-03-29 15:55:34,954 [INFO] PluginManage:359 - Loaded plugin cadmodel (category:power,tabindex:5)
2025-03-29 15:55:34,954 [INFO] PluginManage:310 - Check plugin clock
2025-03-29 15:55:34,967 [INFO] PluginManage:359 - Loaded plugin clock (category:base,tabindex:2)
2025-03-29 15:55:34,968 [INFO] PluginManage:310 - Check plugin ddr
2025-03-29 15:55:34,971 [INFO] PluginManage:359 - Loaded plugin ddr (category:tool,tabindex:6)
2025-03-29 15:55:34,971 [INFO] PluginManage:310 - Check plugin filemanager
2025-03-29 15:55:35,203 [INFO] PluginManage:359 - Loaded plugin filemanager (category:base,tabindex:10)
2025-03-29 15:55:35,203 [INFO] PluginManage:310 - Check plugin ipmanager
2025-03-29 15:55:35,215 [INFO] PluginManage:359 - Loaded plugin ipmanager (category:base,tabindex:5)
2025-03-29 15:55:35,215 [INFO] PluginManage:310 - Check plugin lpbam
2025-03-29 15:55:35,228 [INFO] PluginManage:359 - Loaded plugin lpbam (category:base,tabindex:0)
2025-03-29 15:55:35,229 [INFO] PluginManage:310 - Check plugin memorymap
2025-03-29 15:55:35,248 [INFO] PluginManage:359 - Loaded plugin memorymap (category:base,tabindex:4)
2025-03-29 15:55:35,248 [INFO] PluginManage:310 - Check plugin pinoutandconfiguration
2025-03-29 15:55:35,261 [INFO] PluginManage:359 - Loaded plugin pinoutandconfiguration (category:base,tabindex:1)
2025-03-29 15:55:35,262 [INFO] PluginManage:310 - Check plugin pinoutconfig
2025-03-29 15:55:35,420 [WARN] SupportedApi:132 - Cannot load RTOS API schema: s4s-elt-must-match.1: The content of 'definitions' must match (annotation?, (simpleType | complexType)?, (unique | key | keyref)*)). A problem was found starting at: attribute.
2025-03-29 15:55:35,630 [INFO] PluginManage:359 - Loaded plugin pinoutconfig (category:base,tabindex:0)
2025-03-29 15:55:35,630 [INFO] PluginManage:310 - Check plugin power
2025-03-29 15:55:35,644 [INFO] PluginManage:359 - Loaded plugin power (category:power,tabindex:4)
2025-03-29 15:55:35,644 [INFO] PluginManage:310 - Check plugin projectmanager
2025-03-29 15:55:35,669 [INFO] PluginManage:359 - Loaded plugin projectmanager (category:projectmanager,tabindex:4)
2025-03-29 15:55:35,669 [INFO] PluginManage:310 - Check plugin rif
2025-03-29 15:55:35,680 [INFO] PluginManage:359 - Loaded plugin rif (category:base,tabindex:3)
2025-03-29 15:55:35,681 [INFO] PluginManage:310 - Check plugin thirdparty
2025-03-29 15:55:35,870 [INFO] PluginManage:359 - Loaded plugin thirdparty (category:base,tabindex:-1)
2025-03-29 15:55:35,871 [INFO] PluginManage:310 - Check plugin tools
2025-03-29 15:55:35,870 [WARN] IntegrityCheckThread:84 - waiting for thirdparty lock release [integrity check]
2025-03-29 15:55:35,872 [INFO] IntegrityCheckThread:86 - entering critical section [integrity check]
2025-03-29 15:55:35,873 [INFO] ThirdPartyUpdaterWithRetryManager:70 - Updater plugin not ready yet. [1/15]
2025-03-29 15:55:35,875 [INFO] PluginManage:359 - Loaded plugin tools (category:base,tabindex:7)
2025-03-29 15:55:35,875 [INFO] PluginManage:310 - Check plugin tutovideos
2025-03-29 15:55:36,114 [INFO] PluginManage:359 - Loaded plugin tutovideos (category:base,tabindex:-1)
2025-03-29 15:55:36,114 [INFO] PluginManage:310 - Check plugin updater
2025-03-29 15:55:36,143 [INFO] PluginManage:359 - Loaded plugin updater (category:base,tabindex:12)
2025-03-29 15:55:36,144 [INFO] PluginManage:310 - Check plugin userauth
2025-03-29 15:55:36,149 [INFO] UserAuth:118 - Init User Auth plugin
2025-03-29 15:55:36,150 [INFO] PluginManage:359 - Loaded plugin userauth (category:base,tabindex:14)
2025-03-29 15:55:36,151 [INFO] PluginManage:283 - PluginManage : Loaded plugins [18]
2025-03-29 15:55:36,485 [INFO] PinOutPanel:1589 - setPackage(No Configuration,No Configuration)
2025-03-29 15:55:36,608 [INFO] CADModel:165 - CPN selected for project level
2025-03-29 15:55:36,608 [INFO] CADModel:114 - Register for checkConnection events
2025-03-29 15:55:36,635 [INFO] IPUIPlugin:80 - create IPUIPlugin
2025-03-29 15:55:36,635 [INFO] PluginManager:220 - loadIPPluginJar : add adc
2025-03-29 15:55:36,641 [INFO] IPUIPlugin:80 - create IPUIPlugin
2025-03-29 15:55:36,641 [INFO] PluginManager:220 - loadIPPluginJar : add aes
2025-03-29 15:55:36,646 [INFO] IPUIPlugin:80 - create IPUIPlugin
2025-03-29 15:55:36,646 [INFO] PluginManager:220 - loadIPPluginJar : add can
2025-03-29 15:55:36,650 [INFO] IPUIPlugin:80 - create IPUIPlugin
2025-03-29 15:55:36,650 [INFO] PluginManager:220 - loadIPPluginJar : add comp
2025-03-29 15:55:36,655 [INFO] IPUIPlugin:80 - create IPUIPlugin
2025-03-29 15:55:36,655 [INFO] PluginManager:220 - loadIPPluginJar : add cryp
2025-03-29 15:55:36,661 [INFO] IPUIPlugin:80 - create IPUIPlugin
2025-03-29 15:55:36,662 [INFO] PluginManager:220 - loadIPPluginJar : add ddr_ctrl_phy
2025-03-29 15:55:36,667 [INFO] IPUIPlugin:80 - create IPUIPlugin
2025-03-29 15:55:36,667 [INFO] PluginManager:220 - loadIPPluginJar : add dfsdm
2025-03-29 15:55:36,678 [INFO] IPUIPlugin:80 - create IPUIPlugin
2025-03-29 15:55:36,679 [INFO] PluginManager:220 - loadIPPluginJar : add dma
2025-03-29 15:55:36,684 [INFO] IPUIPlugin:80 - create IPUIPlugin
2025-03-29 15:55:36,685 [INFO] PluginManager:220 - loadIPPluginJar : add dma3
2025-03-29 15:55:36,690 [INFO] IPUIPlugin:80 - create IPUIPlugin
2025-03-29 15:55:36,690 [INFO] PluginManager:220 - loadIPPluginJar : add extmemmanager
2025-03-29 15:55:36,693 [INFO] IPUIPlugin:80 - create IPUIPlugin
2025-03-29 15:55:36,693 [INFO] PluginManager:220 - loadIPPluginJar : add fatfs
2025-03-29 15:55:36,699 [INFO] IPUIPlugin:80 - create IPUIPlugin
2025-03-29 15:55:36,699 [INFO] PluginManager:220 - loadIPPluginJar : add fmc
2025-03-29 15:55:36,707 [INFO] IPUIPlugin:80 - create IPUIPlugin
2025-03-29 15:55:36,707 [INFO] PluginManager:220 - loadIPPluginJar : add freertos
2025-03-29 15:55:36,709 [INFO] IPUIPlugin:80 - create IPUIPlugin
2025-03-29 15:55:36,709 [INFO] PluginManager:220 - loadIPPluginJar : add genericplugin
2025-03-29 15:55:36,712 [INFO] IPUIPlugin:80 - create IPUIPlugin
2025-03-29 15:55:36,712 [INFO] PluginManager:220 - loadIPPluginJar : add gfxmmu
2025-03-29 15:55:36,719 [INFO] IPUIPlugin:80 - create IPUIPlugin
2025-03-29 15:55:36,719 [INFO] PluginManager:220 - loadIPPluginJar : add gic
2025-03-29 15:55:36,726 [INFO] IPUIPlugin:80 - create IPUIPlugin
2025-03-29 15:55:36,727 [INFO] PluginManager:220 - loadIPPluginJar : add gpio
2025-03-29 15:55:36,731 [INFO] IPUIPlugin:80 - create IPUIPlugin
2025-03-29 15:55:36,731 [INFO] PluginManager:220 - loadIPPluginJar : add gtzc
2025-03-29 15:55:36,735 [INFO] IPUIPlugin:80 - create IPUIPlugin
2025-03-29 15:55:36,735 [INFO] PluginManager:220 - loadIPPluginJar : add hash
2025-03-29 15:55:36,740 [INFO] IPUIPlugin:80 - create IPUIPlugin
2025-03-29 15:55:36,742 [INFO] PluginManager:220 - loadIPPluginJar : add i2c
2025-03-29 15:55:36,745 [INFO] IPUIPlugin:80 - create IPUIPlugin
2025-03-29 15:55:36,745 [INFO] PluginManager:220 - loadIPPluginJar : add i2s
2025-03-29 15:55:36,749 [INFO] IPUIPlugin:80 - create IPUIPlugin
2025-03-29 15:55:36,750 [INFO] PluginManager:220 - loadIPPluginJar : add i3c
2025-03-29 15:55:36,754 [INFO] IPUIPlugin:80 - create IPUIPlugin
2025-03-29 15:55:36,756 [INFO] PluginManager:220 - loadIPPluginJar : add ipddr
2025-03-29 15:55:36,765 [INFO] IPUIPlugin:80 - create IPUIPlugin
2025-03-29 15:55:36,766 [INFO] PluginManager:220 - loadIPPluginJar : add linkedlist
2025-03-29 15:55:36,770 [INFO] IPUIPlugin:80 - create IPUIPlugin
2025-03-29 15:55:36,770 [INFO] PluginManager:220 - loadIPPluginJar : add lorawan
2025-03-29 15:55:36,772 [INFO] IPUIPlugin:80 - create IPUIPlugin
2025-03-29 15:55:36,772 [INFO] PluginManager:220 - loadIPPluginJar : add ltdc
2025-03-29 15:55:36,778 [INFO] IPUIPlugin:80 - create IPUIPlugin
2025-03-29 15:55:36,778 [INFO] PluginManager:220 - loadIPPluginJar : add mdma
2025-03-29 15:55:36,782 [INFO] IPUIPlugin:80 - create IPUIPlugin
2025-03-29 15:55:36,782 [INFO] PluginManager:220 - loadIPPluginJar : add nvic
2025-03-29 15:55:36,787 [INFO] IPUIPlugin:80 - create IPUIPlugin
2025-03-29 15:55:36,787 [INFO] PluginManager:220 - loadIPPluginJar : add opamp
2025-03-29 15:55:36,791 [INFO] IPUIPlugin:80 - create IPUIPlugin
2025-03-29 15:55:36,791 [INFO] PluginManager:220 - loadIPPluginJar : add openamp
2025-03-29 15:55:36,795 [INFO] IPUIPlugin:80 - create IPUIPlugin
2025-03-29 15:55:36,795 [INFO] PluginManager:220 - loadIPPluginJar : add pdm2pcm
2025-03-29 15:55:36,805 [INFO] IPUIPlugin:80 - create IPUIPlugin
2025-03-29 15:55:36,808 [INFO] PluginManager:220 - loadIPPluginJar : add plateformsettings
2025-03-29 15:55:36,810 [INFO] IPUIPlugin:80 - create IPUIPlugin
2025-03-29 15:55:36,810 [INFO] PluginManager:220 - loadIPPluginJar : add quadspi
2025-03-29 15:55:36,812 [INFO] IPUIPlugin:80 - create IPUIPlugin
2025-03-29 15:55:36,813 [INFO] PluginManager:220 - loadIPPluginJar : add radio
2025-03-29 15:55:36,816 [INFO] IPUIPlugin:80 - create IPUIPlugin
2025-03-29 15:55:36,816 [INFO] PluginManager:220 - loadIPPluginJar : add resmgrutility
2025-03-29 15:55:36,820 [INFO] IPUIPlugin:80 - create IPUIPlugin
2025-03-29 15:55:36,820 [INFO] PluginManager:220 - loadIPPluginJar : add sai
2025-03-29 15:55:36,823 [INFO] IPUIPlugin:80 - create IPUIPlugin
2025-03-29 15:55:36,824 [INFO] PluginManager:220 - loadIPPluginJar : add spi
2025-03-29 15:55:36,830 [INFO] IPUIPlugin:80 - create IPUIPlugin
2025-03-29 15:55:36,831 [INFO] PluginManager:220 - loadIPPluginJar : add stm32_wpan
2025-03-29 15:55:36,833 [INFO] IPUIPlugin:80 - create IPUIPlugin
2025-03-29 15:55:36,833 [INFO] PluginManager:220 - loadIPPluginJar : add tim
2025-03-29 15:55:36,836 [INFO] IPUIPlugin:80 - create IPUIPlugin
2025-03-29 15:55:36,838 [INFO] PluginManager:220 - loadIPPluginJar : add touchsensing
2025-03-29 15:55:36,840 [INFO] IPUIPlugin:80 - create IPUIPlugin
2025-03-29 15:55:36,840 [INFO] PluginManager:220 - loadIPPluginJar : add tracer_emb
2025-03-29 15:55:36,842 [INFO] IPUIPlugin:80 - create IPUIPlugin
2025-03-29 15:55:36,842 [INFO] PluginManager:220 - loadIPPluginJar : add ts
2025-03-29 15:55:36,844 [INFO] IPUIPlugin:80 - create IPUIPlugin
2025-03-29 15:55:36,844 [INFO] PluginManager:220 - loadIPPluginJar : add tsc
2025-03-29 15:55:36,846 [INFO] IPUIPlugin:80 - create IPUIPlugin
2025-03-29 15:55:36,846 [INFO] PluginManager:220 - loadIPPluginJar : add ucpd
2025-03-29 15:55:36,849 [INFO] IPUIPlugin:80 - create IPUIPlugin
2025-03-29 15:55:36,850 [INFO] PluginManager:220 - loadIPPluginJar : add usart
2025-03-29 15:55:36,853 [INFO] IPUIPlugin:80 - create IPUIPlugin
2025-03-29 15:55:36,854 [INFO] PluginManager:220 - loadIPPluginJar : add usbx
2025-03-29 15:55:36,993 [FATAL] Updater:351 - Updater called before beeing initialized
2025-03-29 15:55:37,032 [INFO] RulesReader:64 - Compatibility file has been processed (301 Rules)
2025-03-29 15:55:37,046 [INFO] RulesReader:64 - Compatibility file has been processed (301 Rules)
2025-03-29 15:55:37,057 [INFO] CADModel:165 - CPN selected for project level
2025-03-29 15:55:37,057 [INFO] CADModel:114 - Register for checkConnection events
2025-03-29 15:55:37,057 [FATAL] Updater:351 - Updater called before beeing initialized
2025-03-29 15:55:37,057 [ERROR] CADModel:125 - Updater not yet initialized, retry later 
2025-03-29 15:55:37,212 [FATAL] Updater:351 - Updater called before beeing initialized
2025-03-29 15:55:37,214 [INFO] CADModel:165 - CPN selected for project level
2025-03-29 15:55:37,215 [INFO] CADModel:114 - Register for checkConnection events
2025-03-29 15:55:37,215 [FATAL] Updater:351 - Updater called before beeing initialized
2025-03-29 15:55:37,215 [ERROR] CADModel:125 - Updater not yet initialized, retry later 
2025-03-29 15:55:37,220 [FATAL] Updater:351 - Updater called before beeing initialized
2025-03-29 15:55:37,371 [FATAL] Updater:351 - Updater called before beeing initialized
2025-03-29 15:55:37,376 [INFO] DbMcusAds:53 - JSON generation date=Thu Mar 06 21:54:21 ICT 2025 (1741272861825)
2025-03-29 15:55:37,378 [FATAL] Updater:351 - Updater called before beeing initialized
2025-03-29 15:55:37,436 [WARN] DetailPanel:346 - Failed to get advertising image, set to default
2025-03-29 15:55:37,784 [FATAL] Updater:351 - Updater called before beeing initialized
2025-03-29 15:55:37,786 [FATAL] Updater:351 - Updater called before beeing initialized
2025-03-29 15:55:37,787 [FATAL] Updater:351 - Updater called before beeing initialized
2025-03-29 15:55:37,787 [WARN] DetailPanel:346 - Failed to get advertising image, set to default
2025-03-29 15:55:37,788 [FATAL] Updater:351 - Updater called before beeing initialized
2025-03-29 15:55:37,849 [ERROR] Updater:1198 - MainUpdater not yet initialized. External WinMGr cannot be set.
2025-03-29 15:55:37,852 [INFO] Updater:1134 - Updater Version found : 6.14.0
2025-03-29 15:55:37,881 [INFO] ApplicationProperties:184 - Using Application install path: C:\ST\STM32CubeIDE_1.16.1\STM32CubeIDE\plugins\com.st.stm32cube.common.mx_6.14.0.202502271554
2025-03-29 15:55:37,940 [INFO] MainUpdater:525 - Copy updater definitions from MX database
2025-03-29 15:55:38,659 [INFO] MainUpdater:2872 - connection check result : 10
2025-03-29 15:55:38,660 [INFO] MainUpdater:3566 - Updater definition file requires update
2025-03-29 15:55:38,662 [INFO] MainUpdater:289 - Updater Check For Update Now.
2025-03-29 15:55:38,663 [INFO] MicroXplorer:498 - Change Database Version : DB.6.0.140
2025-03-29 15:55:38,692 [INFO] McuFinderGlobals:63 - Set McuFinder mode to 2 (CubeIDE integrated)
2025-03-29 15:55:38,727 [INFO] UserAuth:486 - Internet connection configuration mode: 1
2025-03-29 15:55:38,749 [INFO] JxBrowserEngine:152 - Initiate JxBrowser Engine with user profile folder
2025-03-29 15:55:38,836 [INFO] ServerAccessManage:473 - Download File updaters.zip
2025-03-29 15:55:38,876 [WARN] MainUpdater:1193 - Updater busy. Cannot search thirdparties
2025-03-29 15:55:38,877 [INFO] ThirdPartyUpdaterWithRetryManager:96 - Updater plugin is busy. [1/15]
2025-03-29 15:55:39,195 [INFO] FileExtend:242 - Unzip File : updaters.zip
2025-03-29 15:55:39,195 [INFO] FileExtend:257 - Standard Zip Deflate
2025-03-29 15:55:39,958 [INFO] ServerAccessManage:473 - Download File PacksControlFlags.xml
2025-03-29 15:55:40,163 [INFO] ServerAccessManage:473 - Download File cubemx.pidx
2025-03-29 15:55:40,467 [INFO] LoadServerUpdatesThread:375 - End of LoadServerUpdate Thread
2025-03-29 15:55:40,794 [INFO] CheckServerUpdateThread:120 - End of CheckServer Thread
2025-03-29 15:55:42,315 [WARN] PackLoader:240 - Cannot read IP mode file for STMicroelectronics.FP-SNS-MOTENVWB1.1.4.0
2025-03-29 15:55:42,327 [WARN] PackLoader:240 - Cannot read IP mode file for STMicroelectronics.FP-ATR-ASTRA1.2.0.2
2025-03-29 15:55:42,332 [WARN] PackLoader:240 - Cannot read IP mode file for STMicroelectronics.FP-ATR-ASTRA1.2.0.1
2025-03-29 15:55:42,377 [WARN] PackLoader:240 - Cannot read IP mode file for STMicroelectronics.X-CUBE-SMBUS.2.1.0
2025-03-29 15:55:42,386 [WARN] PackLoader:240 - Cannot read IP mode file for STMicroelectronics.X-CUBE-WB05N.1.1.0
2025-03-29 15:55:42,425 [WARN] PackLoader:240 - Cannot read IP mode file for STMicroelectronics.X-CUBE-AZRTOS-F7.1.1.0
2025-03-29 15:55:42,636 [WARN] PackLoader:240 - Cannot read IP mode file for STMicroelectronics.X-CUBE-MEMS1.11.0.0
2025-03-29 15:55:42,860 [WARN] PackLoader:240 - Cannot read IP mode file for STMicroelectronics.FP-SNS-FLIGHT1.5.0.2
2025-03-29 15:55:42,870 [WARN] PackLoader:240 - Cannot read IP mode file for STMicroelectronics.X-CUBE-DISPLAY.3.0.0
2025-03-29 15:55:42,881 [WARN] PackLoader:240 - Cannot read IP mode file for STMicroelectronics.X-CUBE-BLE1.7.0.0
2025-03-29 15:55:42,895 [WARN] PackLoader:240 - Cannot read IP mode file for STMicroelectronics.X-CUBE-NFC10.1.0.0
2025-03-29 15:55:42,919 [WARN] PackLoader:240 - Cannot read IP mode file for STMicroelectronics.X-CUBE-BLEMGR.4.0.0
2025-03-29 15:55:42,934 [WARN] PackLoader:240 - Cannot read IP mode file for emotas.I-CUBE-CANOPEN.1.3.0
2025-03-29 15:55:42,955 [WARN] PackLoader:240 - Cannot read IP mode file for STMicroelectronics.X-CUBE-BLEMGR.3.1.0
2025-03-29 15:55:42,971 [WARN] PackLoader:240 - Cannot read IP mode file for STMicroelectronics.X-CUBE-AI.10.0.0
2025-03-29 15:55:42,985 [WARN] PackLoader:240 - Cannot read IP mode file for STMicroelectronics.FP-SNS-SMARTAG2.1.2.0
2025-03-29 15:55:43,007 [WARN] PackLoader:240 - Cannot read IP mode file for STMicroelectronics.FP-SNS-FLIGHT1.5.1.0
2025-03-29 15:55:43,113 [WARN] PackLoader:240 - Cannot read IP mode file for STMicroelectronics.X-CUBE-MEMS1.11.1.0
2025-03-29 15:55:43,283 [INFO] LogOutputStream:77 - [STDOUT_REDIRECT] 1 : Invalid condition id : UX_CORESTACK_Condition cause : null
2025-03-29 15:55:43,285 [INFO] LogOutputStream:77 - [STDOUT_REDIRECT] 1 : Invalid condition id : UX_CORESTACK_Condition cause : null
2025-03-29 15:55:43,287 [INFO] LogOutputStream:77 - [STDOUT_REDIRECT] 1 : Invalid condition id : UX_CORESTACK_Condition cause : null
2025-03-29 15:55:43,290 [INFO] LogOutputStream:77 - [STDOUT_REDIRECT] 1 : Invalid condition id : UX_CORESTACK_Condition cause : null
2025-03-29 15:55:43,293 [INFO] LogOutputStream:77 - [STDOUT_REDIRECT] 1 : Invalid condition id : UX_CORESTACK_Condition cause : null
2025-03-29 15:55:43,300 [WARN] PackLoader:240 - Cannot read IP mode file for STMicroelectronics.X-CUBE-AZRTOS-WL.2.0.0
2025-03-29 15:55:43,309 [WARN] PackLoader:240 - Cannot read IP mode file for STMicroelectronics.FP-SNS-MOTENV1.5.0.0
2025-03-29 15:55:43,316 [WARN] PackLoader:240 - Cannot read IP mode file for wolfSSL.I-CUBE-wolfMQTT.1.19.0
2025-03-29 15:55:43,324 [WARN] PackLoader:240 - Cannot read IP mode file for WES.I-CUBE-Cesium.1.3.0
2025-03-29 15:55:43,330 [WARN] PackLoader:240 - Cannot read IP mode file for STMicroelectronics.X-CUBE-BLE2.3.3.0
2025-03-29 15:55:43,339 [WARN] PackLoader:240 - Cannot read IP mode file for STMicroelectronics.X-CUBE-NFC9.1.0.0
2025-03-29 15:55:43,346 [WARN] PackLoader:240 - Cannot read IP mode file for STMicroelectronics.X-CUBE-BLE1.7.1.0
2025-03-29 15:55:43,353 [WARN] PackLoader:240 - Cannot read IP mode file for STMicroelectronics.X-CUBE-TCPP.4.1.0
2025-03-29 15:55:43,464 [WARN] PackLoader:240 - Cannot read IP mode file for STMicroelectronics.X-CUBE-AZRTOS-G0.1.1.0
2025-03-29 15:55:43,477 [WARN] PackLoader:240 - Cannot read IP mode file for STMicroelectronics.X-CUBE-SAFEA1.1.2.2
2025-03-29 15:55:43,495 [WARN] PackLoader:240 - Cannot read IP mode file for STMicroelectronics.X-CUBE-NFC4.3.0.0
2025-03-29 15:55:43,516 [WARN] PackLoader:240 - Cannot read IP mode file for EmbeddedOffice.I-CUBE-FS-RTOS.1.0.1
2025-03-29 15:55:43,528 [WARN] PackLoader:240 - Cannot read IP mode file for STMicroelectronics.X-CUBE-TCPP.4.2.0
2025-03-29 15:55:43,537 [WARN] PackLoader:240 - Cannot read IP mode file for RealThread.X-CUBE-RT-Thread_Nano.4.1.1
2025-03-29 15:55:43,550 [WARN] PackLoader:240 - Cannot read IP mode file for STMicroelectronics.FP-ATR-SIGFOX1.3.2.0
2025-03-29 15:55:43,559 [WARN] PackLoader:240 - Cannot read IP mode file for wolfSSL.I-CUBE-wolfSSL.5.7.2
2025-03-29 15:55:43,564 [WARN] ConditionMgr:438 - getConditionDescription Invalid condition id : Cortex-A Device cause : null
2025-03-29 15:55:43,802 [WARN] ConditionMgr:1044 - genDependencies : Invalid condition id : Cortex-A Device cause : null
2025-03-29 15:55:43,989 [WARN] ConditionMgr:1044 - genDependencies : Invalid condition id : Cortex-A Device cause : null
2025-03-29 15:55:43,989 [WARN] ConditionMgr:1044 - genDependencies : Invalid condition id : Cortex-A Device cause : null
2025-03-29 15:55:44,087 [WARN] PackLoader:240 - Cannot read IP mode file for STMicroelectronics.X-CUBE-EEPRMA1.5.1.0
2025-03-29 15:55:44,096 [WARN] PackLoader:240 - Cannot read IP mode file for ITTIA_DB.I-CUBE-ITTIADB.8.9.0
2025-03-29 15:55:44,130 [WARN] PackLoader:240 - Cannot read IP mode file for SEGGER.I-CUBE-embOS.1.3.1
2025-03-29 15:55:44,164 [WARN] PackLoader:240 - Cannot read IP mode file for STMicroelectronics.X-CUBE-ALGOBUILD.1.4.0
2025-03-29 15:55:44,169 [WARN] PackLoader:240 - Cannot read IP mode file for STMicroelectronics.X-CUBE-AI.9.1.0
2025-03-29 15:55:44,186 [WARN] PackLoader:240 - Cannot read IP mode file for STMicroelectronics.X-CUBE-AZRTOS-F4.1.1.0
2025-03-29 15:55:44,193 [WARN] PackLoader:240 - Cannot read IP mode file for STMicroelectronics.X-CUBE-ISPU.2.1.0
2025-03-29 15:55:44,198 [WARN] PackLoader:240 - Cannot read IP mode file for STMicroelectronics.X-CUBE-FREERTOS.1.2.0
2025-03-29 15:55:44,216 [WARN] PackLoader:240 - Cannot read IP mode file for STMicroelectronics.X-CUBE-AZRTOS-L5.2.0.0
2025-03-29 15:55:44,229 [WARN] PackLoader:240 - Cannot read IP mode file for STMicroelectronics.X-CUBE-NFC6.3.1.0
2025-03-29 15:55:44,238 [WARN] PackLoader:240 - Cannot read IP mode file for STMicroelectronics.X-CUBE-DPower.1.2.0
2025-03-29 15:55:44,243 [WARN] PackLoader:240 - Cannot read IP mode file for STMicroelectronics.X-CUBE-FREERTOS.1.3.0
2025-03-29 15:55:44,248 [WARN] PackLoader:240 - Cannot read IP mode file for STMicroelectronics.X-CUBE-NFC7.1.0.1
2025-03-29 15:55:44,254 [WARN] PackLoader:240 - Cannot read IP mode file for STMicroelectronics.X-CUBE-DPower.1.3.0
2025-03-29 15:55:44,272 [WARN] ConditionMgr:438 - getConditionDescription Invalid condition id : LAN8742 Phy interface Condition cause : null
2025-03-29 15:55:44,273 [WARN] PackLoader:240 - Cannot read IP mode file for STMicroelectronics.X-CUBE-AZRTOS-L4.2.0.0
2025-03-29 15:55:44,274 [WARN] ConditionMgr:1044 - genDependencies : Invalid condition id : LAN8742 Phy interface Condition cause : null
2025-03-29 15:55:44,274 [WARN] ConditionMgr:1044 - genDependencies : Invalid condition id : LAN8742 Phy interface Condition cause : null
2025-03-29 15:55:44,275 [WARN] ConditionMgr:1044 - genDependencies : Invalid condition id : LAN8742 Phy interface Condition cause : null
2025-03-29 15:55:44,283 [WARN] PackLoader:240 - Cannot read IP mode file for STMicroelectronics.X-CUBE-SFXS2LP1.4.0.0
2025-03-29 15:55:44,304 [WARN] PackLoader:240 - Cannot read IP mode file for STMicroelectronics.X-CUBE-AZRTOS-H7.3.3.0
2025-03-29 15:55:44,316 [WARN] PackLoader:240 - Cannot read IP mode file for STMicroelectronics.X-CUBE-IPS.3.0.0
2025-03-29 15:55:44,331 [WARN] ConditionMgr:438 - getConditionDescription Invalid condition id : UX DEVICE CLASS RTOS Condition cause : null
2025-03-29 15:55:44,332 [WARN] ConditionMgr:438 - getConditionDescription Invalid condition id : UX DEVICE CLASS RTOS Condition cause : null
2025-03-29 15:55:44,334 [WARN] PackLoader:240 - Cannot read IP mode file for STMicroelectronics.X-CUBE-AZRTOS-WB.2.0.0
2025-03-29 15:55:44,334 [WARN] ConditionMgr:1044 - genDependencies : Invalid condition id : UX DEVICE CLASS RTOS Condition cause : null
2025-03-29 15:55:44,334 [WARN] ConditionMgr:1044 - genDependencies : Invalid condition id : UX DEVICE CLASS RTOS Condition cause : null
2025-03-29 15:55:44,335 [WARN] ConditionMgr:1044 - genDependencies : Invalid condition id : UX DEVICE CLASS RTOS Condition cause : null
2025-03-29 15:55:44,335 [WARN] ConditionMgr:1044 - genDependencies : Invalid condition id : UX DEVICE CLASS RTOS Condition cause : null
2025-03-29 15:55:44,335 [WARN] ConditionMgr:1044 - genDependencies : Invalid condition id : UX DEVICE CLASS RTOS Condition cause : null
2025-03-29 15:55:44,668 [WARN] PackLoader:240 - Cannot read IP mode file for STMicroelectronics.X-CUBE-GNSS1.7.0.0
2025-03-29 15:55:44,675 [WARN] PackLoader:240 - Cannot read IP mode file for STMicroelectronics.X-CUBE-GNSS1.7.0.1
2025-03-29 15:55:44,682 [WARN] PackLoader:240 - Cannot read IP mode file for STMicroelectronics.X-CUBE-TOUCHGFX.4.25.0
2025-03-29 15:55:44,831 [WARN] PackLoader:240 - Cannot read IP mode file for STMicroelectronics.FP-SNS-STBOX1.2.0.0
2025-03-29 15:55:44,842 [WARN] PackLoader:240 - Cannot read IP mode file for STMicroelectronics.X-CUBE-SUBG2.5.0.0
2025-03-29 15:55:44,872 [WARN] PackLoader:240 - Cannot read IP mode file for STMicroelectronics.X-CUBE-AZRTOS-H7RS.1.1.0
2025-03-29 15:55:44,880 [WARN] PackLoader:240 - Cannot read IP mode file for Cesanta.I-CUBE-Mongoose.7.13.0
2025-03-29 15:55:44,908 [WARN] PackLoader:240 - Cannot read IP mode file for STMicroelectronics.X-CUBE-AZRTOS-G4.2.0.0
2025-03-29 15:55:44,925 [WARN] PackLoader:240 - Cannot read IP mode file for STMicroelectronics.X-CUBE-IPS.3.1.0
2025-03-29 15:55:44,935 [WARN] PackLoader:240 - Cannot read IP mode file for STMicroelectronics.X-CUBE-ALS.1.0.2
2025-03-29 15:55:44,939 [WARN] PackLoader:240 - Cannot read IP mode file for STMicroelectronics.X-CUBE-TOUCHGFX.4.24.1
2025-03-29 15:55:44,943 [WARN] PackLoader:240 - Cannot read IP mode file for wolfSSL.I-CUBE-wolfTPM.3.4.0
2025-03-29 15:55:44,951 [WARN] PackLoader:240 - Cannot read IP mode file for portGmbH.I-Cube-SoM-uGOAL.1.1.0
2025-03-29 15:55:44,968 [WARN] PackLoader:240 - Cannot read IP mode file for STMicroelectronics.X-CUBE-AZRTOS-H7RS.1.0.0
2025-03-29 15:55:45,069 [WARN] PackLoader:240 - Cannot read IP mode file for STMicroelectronics.FP-ATR-ASTRA1.2.0.0
2025-03-29 15:55:45,080 [WARN] PackLoader:240 - Cannot read IP mode file for STMicroelectronics.X-CUBE-TOF1.3.4.2
2025-03-29 15:55:45,114 [WARN] PackLoader:240 - Cannot read IP mode file for Infineon.AIROC-Wi-Fi-Bluetooth-STM32.1.6.1
2025-03-29 15:55:45,420 [WARN] PackLoader:240 - Cannot read IP mode file for wolfSSL.I-CUBE-wolfSSH.1.4.17
2025-03-29 15:55:45,421 [INFO] ThirdParty:978 - Integrity check success = true
2025-03-29 15:55:45,421 [INFO] IntegrityCheckThread:100 - exiting critical section [integrity check]
2025-03-29 15:55:45,421 [INFO] IntegrityCheckThread:103 - End integrity checks thread
2025-03-29 15:56:01,360 [INFO] WebApp:169 - Instantiating new browser for Auth
2025-03-29 15:56:03,199 [INFO] WebApp:463 - Apply proxy settings
2025-03-29 15:56:03,201 [INFO] WebApp:548 - Chromium requires no authentication
2025-03-29 15:56:03,222 [INFO] WebApp:491 - Direct internet connection detected
2025-03-29 15:56:03,297 [INFO] WebApp:894 - Register for checkConnection events
2025-03-29 15:56:03,297 [INFO] WebApp:463 - Apply proxy settings
2025-03-29 15:56:03,300 [INFO] WebApp:548 - Chromium requires no authentication
2025-03-29 15:56:03,300 [INFO] WebApp:491 - Direct internet connection detected
2025-03-29 15:56:03,805 [INFO] WebApp:191 - Connection restablished
2025-03-29 15:56:03,864 [INFO] WebApp:225 - Starting web application
2025-03-29 15:56:03,864 [INFO] WebApp:593 - Web application path used C:\ST\STM32CubeIDE_1.16.1\STM32CubeIDE\plugins\com.st.stm32cube.common.mx_6.14.0.202502271554\db\plugins\mcufinder\reactClient1\index.html
2025-03-29 15:56:04,042 [INFO] UserAuth:486 - Internet connection configuration mode: 1
2025-03-29 16:30:11,971 [ERROR] LogOutputStream:75 - [STDERR_REDIRECT] 
